,PlayerId,Player,Team,Position,GP,TOI,Goals,TotalAssists,FirstAssists,SecondAssists,TotalPoints,IPP,Shots,SHPercentage,ixG,iCF,iFF,iSCF,iHDCF,RushAttempts,ReboundsCreated,PIM,TotalPenalties,Minor,Major,Misconduct,PenaltiesDrawn,Giveaways,Takeaways,Hits,HitsTaken,ShotsBlocked,FaceoffsWon,FaceoffsLost,FaceoffsPercentage
385,Aaron Ekblad,FLA,D,50,1263.5833333333,14,34,12,22,48,45.71,154,9.09,8.79,267,200,84,22,8,21,24,12,12,0,0,8,62,37,49,47,54,0,0,-
691,Adam Boqvist,CBJ,D,37,629.31666666667,10,8,2,6,18,51.43,45,22.22,4.1,98,65,41,9,2,5,8,4,4,0,0,6,23,7,15,35,32,0,0,-
520,Adam Brooks,MTL, VGK, WPG,C,12,133.46666666667,2,1,1,0,3,75.00,6,33.33,1.16,9,8,8,7,0,0,2,1,1,0,0,1,2,2,8,14,2,21,32,39.62
345,Adam Erne,DET,L,50,693.53333333333,4,7,7,0,11,55.00,65,6.15,6.17,104,86,65,27,0,6,24,9,7,2,0,9,14,14,97,36,35,30,27,52.63
528,Adam Fox,NYR,D,47,1149.6666666667,7,41,24,17,48,62.34,88,7.95,4.73,157,112,43,6,2,9,14,7,7,0,0,10,33,48,22,74,95,0,0,-
511,Adam Gaudette,CHI, OTT,C,30,346.33333333333,5,8,5,3,13,81.25,49,10.20,4.54,93,67,52,14,1,5,13,5,4,1,0,5,9,11,40,24,8,29,37,43.94
107,Adam Henrique,ANA,C,32,535.96666666667,9,12,8,4,21,53.85,84,10.71,11.5,137,114,95,54,6,10,6,3,3,0,0,4,13,10,13,25,24,95,70,57.58
235,Adam Larsson,SEA,D,53,1166.65,4,11,6,5,15,31.91,69,5.80,2.52,156,109,36,3,1,5,28,14,14,0,0,7,17,16,121,55,97,0,0,-
216,Adam Lowry,WPG,C,50,767.8,4,6,4,2,10,43.48,56,7.14,9.28,105,83,72,42,1,9,40,11,5,6,0,19,13,27,147,72,22,334,291,53.44
285,Adam Pelech,NYI,D,42,894.16666666667,2,12,3,9,14,40.00,47,4.26,2.75,106,62,39,6,1,4,8,4,4,0,0,3,32,25,59,68,65,0,0,-
623,Adam Ruzicka,CGY,C,18,179.25,4,3,3,0,7,70.00,23,17.39,2.22,37,30,24,12,2,3,6,3,3,0,0,3,4,4,13,17,3,67,75,47.18
405,Adrian Kempe,L.A,C,47,856.8,23,10,2,8,33,64.71,139,16.55,17.85,261,197,153,72,18,22,28,13,13,0,0,15,23,24,55,43,10,17,17,50.00
84,Alec Martinez,VGK,D,11,219.75,0,3,0,3,3,30.00,11,0.00,0.28,22,14,3,0,1,0,4,2,2,0,0,1,10,4,9,17,33,0,0,-
357,Aleksander Barkov,FLA,C,38,763.38333333333,23,22,9,13,45,69.23,124,18.55,14.74,194,158,135,65,7,13,8,4,4,0,0,7,29,41,36,40,25,436,343,55.97
598,Alex Barré-Boulet,SEA, T.B,C,16,176.03333333333,3,3,3,0,6,66.67,16,18.75,2.08,28,21,21,8,4,2,4,2,2,0,0,4,3,4,10,6,3,6,9,40.00
204,Alex Belzile,MTL,R,11,114.31666666667,0,0,0,0,0,0.00,13,0.00,1.14,19,14,9,2,0,1,4,2,2,0,0,2,5,3,17,12,5,7,11,38.89
125,Alex Chiasson,VAN,R,40,427.16666666667,5,5,3,2,10,55.56,45,11.11,4.94,66,52,48,25,2,5,18,5,4,0,1,7,5,4,39,48,10,2,2,50.00
535,Alex DeBrincat,CHI,L,52,1059.0166666667,29,13,10,3,42,63.64,163,17.79,20.1,288,210,181,54,16,13,13,5,4,1,0,17,29,38,64,68,23,13,25,34.21
634,Alex Formenton,OTT,L,47,701.41666666667,11,11,5,6,22,78.57,103,10.68,10.86,158,129,105,54,8,13,29,13,12,1,0,12,15,27,62,40,14,1,2,33.33
258,Alex Galchenyuk,ARI,C,30,395.31666666667,4,7,3,4,11,52.38,47,8.51,5.32,71,63,47,25,3,7,18,9,9,0,0,4,10,9,25,26,8,100,90,52.63
24,Alex Goligoski,MIN,D,43,834.43333333333,2,23,10,13,25,39.68,49,4.08,1.58,105,60,29,1,1,8,26,13,13,0,0,7,14,6,40,50,55,0,0,-
649,Alex Iafallo,L.A,L,48,901.16666666667,14,14,7,7,28,57.14,137,10.22,14.43,215,185,137,70,10,15,4,2,2,0,0,7,8,28,25,45,38,11,12,47.83
59,Alex Killorn,T.B,L,49,935.18333333333,16,27,15,12,43,62.32,94,17.02,12.68,156,127,119,62,8,3,42,21,21,0,0,16,15,27,53,66,14,0,7,0.00
734,Alex Newhook,COL,C,40,533.21666666667,11,7,1,6,18,69.23,63,17.46,5.85,112,80,69,24,2,4,10,5,5,0,0,7,10,15,25,38,12,97,191,33.68
19,Alex Ovechkin,WSH,L,50,1084.0666666667,31,31,18,13,62,74.70,225,13.78,24.85,439,320,192,43,8,11,6,3,3,0,0,7,34,23,90,32,12,3,7,30.00
92,Alex Pietrangelo,VGK,D,49,1251.1166666667,7,21,12,9,28,42.42,134,5.22,7.57,279,188,80,6,3,13,34,12,11,0,1,4,30,66,41,125,112,0,0,-
398,Alex Tuch,BUF,R,19,374.13333333333,7,14,10,4,21,63.64,63,11.11,5.81,89,74,56,25,5,3,10,5,5,0,0,3,8,11,19,10,17,7,7,50.00
368,Alex Wennberg,SEA,C,53,967.33333333333,4,19,13,6,23,54.76,64,6.25,5.57,111,83,57,27,1,9,16,8,8,0,0,8,25,28,29,55,27,400,428,48.31
751,Alexander Barabanov,S.J,L,42,724.23333333333,7,19,9,10,26,68.42,61,11.48,6.26,92,74,61,37,3,6,8,4,4,0,0,3,24,24,26,67,25,0,1,0.00
26,Alexander Edler,L.A,D,26,479.36666666667,1,10,6,4,11,47.83,39,2.56,1.34,84,55,30,6,9,8,22,11,11,0,0,8,10,4,43,45,42,0,0,-
305,Alexander Kerfoot,TOR,C,50,770.33333333333,7,27,14,13,34,70.83,74,9.46,7.4,119,100,83,38,10,4,10,5,5,0,0,13,25,22,42,81,35,31,53,36.90
23,Alexander Radulov,DAL,R,43,665.7,2,14,11,3,16,57.14,64,3.13,8.39,123,96,86,47,3,8,16,8,8,0,0,9,17,19,30,49,40,7,8,46.67
701,Alexander Romanov,MTL,D,48,917.63333333333,2,5,0,5,7,21.21,59,3.39,1.76,138,81,34,4,3,2,31,11,8,3,0,8,48,13,167,108,80,0,0,-
503,Alexandre Carrier,NSH,D,48,999.41666666667,2,18,9,9,20,42.55,55,3.64,3.66,119,77,36,9,4,9,32,16,16,0,0,10,24,19,46,117,77,0,1,0.00
647,Alexandre Texier,CBJ,C,36,525.86666666667,11,9,7,2,20,68.97,59,18.64,7.65,109,82,62,23,1,7,12,6,6,0,0,7,5,16,13,20,12,20,37,35.09
744,Alexis Lafrenière,NYR,L,48,657.86666666667,10,3,2,1,13,50.00,63,15.87,6.99,112,86,71,35,5,4,27,12,11,1,0,8,17,26,74,61,17,9,27,25.00
738,Aliaksei Protas,WSH,C,33,390.5,3,6,4,2,9,47.37,34,8.82,4.25,61,44,46,23,1,7,0,0,0,0,0,3,15,8,20,33,12,56,69,44.80
431,Anders Bjork,BUF,L,46,560.56666666667,4,2,2,0,6,46.15,39,10.26,3.43,73,48,43,19,5,3,10,5,5,0,0,6,8,16,10,40,14,1,4,20.00
157,Anders Lee,NYI,L,41,688.38333333333,13,6,5,1,19,46.34,89,14.61,13.15,143,124,108,74,2,12,12,6,6,0,0,7,14,7,56,33,12,58,63,47.93
340,Andre Burakovsky,COL,L,48,773.66666666667,14,22,11,11,36,59.02,90,15.56,7.56,195,128,98,27,3,12,14,7,7,0,0,6,23,17,35,48,20,7,11,38.89
296,Andreas Athanasiou,L.A,C,18,265.75,5,4,3,1,9,64.29,41,12.20,4.04,71,60,40,16,4,1,2,1,1,0,0,4,2,8,5,16,4,6,4,60.00
320,Andreas Johnsson,N.J,L,46,678.35,11,15,12,3,26,63.41,82,13.41,8.92,127,103,86,54,11,9,22,11,11,0,0,15,19,18,40,59,13,3,9,25.00
683,Andrei Svechnikov,CAR,R,47,807.05,22,26,15,11,48,65.75,162,13.58,20.38,289,229,162,64,8,27,57,27,26,1,0,23,44,21,104,78,10,0,4,0.00
25,Andrej Sekera,DAL,D,24,334.56666666667,0,3,1,2,3,33.33,18,0.00,0.6,39,25,5,1,0,4,12,6,6,0,0,3,8,3,12,27,17,0,0,-
310,Andrej Sustr,T.B,D,13,138.35,1,0,0,0,1,20.00,9,11.11,0.37,26,15,7,1,2,1,6,3,3,0,0,0,3,2,6,13,6,0,0,-
33,Andrew Cogliano,S.J,C,46,615.31666666667,4,9,5,4,13,68.42,55,7.27,5.68,96,78,57,31,9,8,8,4,4,0,0,5,17,21,65,33,15,7,10,41.18
337,Andrew Copp,WPG,C,47,961.2,12,16,11,5,28,58.33,128,9.38,15.43,195,167,142,61,4,15,8,4,4,0,0,6,26,24,33,50,31,294,252,53.85
21,Andrew Ladd,ARI,L,42,584.38333333333,6,3,2,1,9,40.91,47,12.77,6.52,92,68,56,32,2,6,41,15,13,1,1,4,18,15,62,44,27,5,2,71.43
441,Andrew Mangiapane,CGY,L,49,780.81666666667,25,9,6,3,34,75.56,120,20.83,14.46,192,150,146,75,5,13,22,7,6,0,1,12,29,36,40,41,19,17,20,45.95
552,Andrew Peeke,CBJ,D,50,1017.8,1,9,4,5,10,26.32,38,2.63,1.84,96,61,22,5,2,3,32,13,11,2,0,8,18,12,117,73,105,0,0,-
43,Andy Greene,NYI,D,38,670.95,1,5,3,2,6,27.27,24,4.17,1.15,68,44,14,1,1,1,2,1,1,0,0,3,18,7,19,51,64,0,0,-
476,Anthony Beauvillier,NYI,L,43,716.3,8,11,9,2,19,61.29,87,9.20,9.36,147,114,110,37,5,10,2,1,1,0,0,6,22,19,25,53,11,4,6,40.00
494,Anthony Cirelli,T.B,C,44,862.01666666667,13,15,7,8,28,57.14,93,13.98,11.49,162,126,116,56,6,15,37,13,11,1,1,22,6,26,45,63,42,268,294,47.69
332,Anthony Duclair,FLA,L,43,655.88333333333,20,18,13,5,38,57.58,89,22.47,11.24,136,110,98,43,5,11,10,5,5,0,0,13,34,26,21,62,13,0,1,0.00
372,Anthony Mantha,WSH,R,10,138.71666666667,2,4,3,1,6,54.55,16,12.50,1.92,23,19,16,9,1,2,4,2,2,0,0,0,3,3,7,8,6,0,0,-
117,Antoine Roussel,ARI,L,42,496.48333333333,3,2,2,0,5,83.33,43,6.98,4.64,78,63,44,25,3,4,53,13,9,1,3,12,9,9,57,49,29,16,20,44.44
317,Anton Blidh,BOS,L,28,296.48333333333,2,7,4,3,9,90.00,22,9.09,1.83,36,29,18,11,2,5,12,6,6,0,0,6,5,5,71,44,16,0,3,0.00
746,Anton Lundell,FLA,C,47,769.43333333333,11,24,12,12,35,59.32,82,13.41,9.38,150,117,89,32,6,8,12,6,6,0,0,9,23,48,24,53,47,269,333,44.68
41,Anton Stralman,ARI,D,42,858.25,4,6,0,6,10,38.46,63,6.35,2.6,114,80,30,7,1,11,8,4,4,0,0,3,13,15,45,40,53,0,0,-
30,Anze Kopitar,L.A,C,50,1049.4333333333,14,33,17,16,47,78.33,136,10.29,12.11,225,180,118,44,8,9,10,5,5,0,0,13,15,24,41,55,41,555,421,56.86
752,Artem Zub,OTT,D,50,1078.3833333333,4,11,3,8,15,39.47,53,7.55,2.14,112,75,26,5,0,6,32,15,15,0,0,4,46,9,93,77,91,0,0,-
497,Artemi Panarin,NYR,L,45,872.03333333333,14,41,21,20,55,82.09,116,12.07,11.51,236,173,125,19,5,19,14,3,2,0,1,9,40,44,12,32,11,0,1,0.00
724,Arthur Kaliyev,L.A,R,49,615.86666666667,9,6,6,0,15,48.39,118,7.63,10.34,179,151,102,42,17,13,10,5,5,0,0,4,8,10,15,70,8,0,0,-
736,Arttu Ruotsalainen,BUF,C,18,214,2,2,2,0,4,80.00,23,8.70,1.66,37,28,19,8,2,3,6,3,3,0,0,1,0,5,14,8,6,51,69,42.50
351,Artturi Lehkonen,MTL,L,48,696.08333333333,7,13,10,3,20,86.96,89,7.87,9.57,154,122,94,49,3,11,12,6,6,0,0,8,11,13,48,71,21,6,10,37.50
493,Austin Czarnik,NYI, SEA,C,15,169.4,2,4,3,1,6,54.55,13,15.38,1.12,26,20,19,5,2,0,0,0,0,0,0,0,4,5,3,11,6,23,36,38.98
421,Austin Poganski,WPG,R,13,116.28333333333,0,0,0,0,0,0.00,7,0.00,1.06,13,11,10,4,0,1,7,2,1,1,0,1,0,1,22,19,3,0,0,-
184,Austin Watson,OTT,L,35,432.86666666667,3,2,2,0,5,55.56,46,6.52,3.61,76,64,34,17,2,6,62,22,16,6,0,18,10,11,105,32,45,2,7,22.22
527,Auston Matthews,TOR,C,47,969.25,34,28,16,12,62,76.54,213,15.96,22.5,367,296,257,87,6,25,10,5,5,0,0,6,33,53,33,63,35,441,326,57.50
586,Axel Jonsson-Fjallby,WSH,L,9,103.25,0,1,1,0,1,33.33,9,0.00,0.81,17,13,7,5,0,2,2,1,1,0,0,0,3,2,8,13,3,1,3,25.00
252,Barclay Goodrow,NYR,C,47,799.21666666667,10,11,9,2,21,58.33,69,14.49,10.28,110,97,80,48,3,8,33,14,13,1,0,8,19,24,84,42,34,233,238,49.47
688,Barrett Hayton,ARI,C,28,457.35,2,5,3,2,7,53.85,28,7.14,3.81,54,46,43,25,0,3,10,5,5,0,0,8,6,5,37,36,18,217,223,49.32
549,Beck Malenstyn,WSH,L,12,108.53333333333,1,0,0,0,1,20.00,10,10.00,0.99,17,15,9,6,0,0,9,3,2,1,0,2,1,2,34,22,7,1,6,14.29
155,Ben Chiarot,MTL,D,46,1072.6666666667,5,5,3,2,10,30.30,84,5.95,2.95,162,104,48,8,4,9,36,18,18,0,0,4,46,14,99,63,78,0,0,-
338,Ben Harpur,NSH,D,10,137.86666666667,0,1,0,1,1,33.33,6,0.00,0.28,15,11,5,0,0,1,20,7,5,2,0,4,6,0,17,13,12,0,0,-
304,Ben Hutton,VGK,D,30,440.4,1,7,5,2,8,36.36,39,2.56,1.25,82,54,19,2,2,3,16,5,3,2,0,5,11,13,23,69,38,0,0,-
690,Benoit-Olivier Groulx,ANA,C,18,197.9,1,2,1,1,3,60.00,17,5.88,2.22,31,21,16,8,1,2,2,1,1,0,0,0,3,4,19,20,6,38,45,45.78
218,Blake Coleman,CGY,C,48,737.45,10,11,6,5,21,67.74,147,6.80,13.6,224,180,129,53,4,11,44,19,17,2,0,12,35,21,105,37,36,2,13,13.33
710,Blake Lizotte,L.A,C,44,525.56666666667,6,8,5,3,14,60.87,55,10.91,6.25,89,76,56,29,13,10,20,10,10,0,0,11,5,16,45,83,7,193,174,52.59
22,Blake Wheeler,WPG,R,36,707.45,5,28,18,10,33,78.57,90,5.56,9.82,144,110,99,42,7,10,18,9,9,0,0,5,13,21,44,37,22,3,12,20.00
364,Bo Horvat,VAN,C,47,943.81666666667,15,12,7,5,27,49.09,130,11.54,13.32,205,171,135,55,6,9,30,15,15,0,0,8,20,18,63,38,27,577,468,55.22
223,Boone Jenner,CBJ,C,50,1019.4666666667,21,19,9,10,40,60.61,137,15.33,16.34,227,186,143,78,5,12,18,9,9,0,0,10,22,30,58,42,52,544,466,53.86
561,Boris Katchouk,T.B,L,36,353.18333333333,2,4,2,2,6,54.55,33,6.06,3.92,64,50,39,22,6,2,25,7,5,1,1,12,4,9,95,39,11,7,10,41.18
714,Bowen Byram,COL,D,18,352.31666666667,5,6,2,4,11,61.11,35,14.29,1.74,69,47,22,4,1,5,6,3,3,0,0,1,7,5,27,40,15,0,0,-
253,Brad Hunt,VAN,D,21,308.05,0,6,2,4,6,46.15,25,0.00,0.89,52,34,12,0,0,5,8,4,4,0,0,0,10,5,9,28,25,0,0,-
44,Brad Marchand,BOS,L,39,753.08333333333,21,28,18,10,49,85.96,119,17.65,12.72,189,145,118,44,6,18,67,24,21,1,2,18,35,24,49,53,13,6,10,37.50
15,Brad Richardson,CGY,R,24,239,2,2,1,1,4,66.67,14,14.29,1.22,26,20,12,7,0,2,23,6,4,1,1,4,3,1,37,28,9,72,49,59.50
741,Braden Schneider,NYR,D,13,213.33333333333,1,4,2,2,5,62.50,11,9.09,0.67,23,17,5,2,1,1,0,0,0,0,0,0,5,1,22,32,14,0,0,-
262,Brady Skjei,CAR,D,50,1046.4833333333,7,14,6,8,21,44.68,105,6.67,5.17,192,139,49,13,3,13,28,14,14,0,0,4,37,30,61,68,46,0,0,-
674,Brady Tkachuk,OTT,L,47,885.51666666667,17,20,14,6,37,61.67,171,9.94,19.8,271,220,178,93,9,17,70,25,20,4,1,21,34,20,168,75,22,147,130,53.07
465,Brandon Carlo,BOS,D,48,945.63333333333,4,4,2,2,8,25.81,83,4.82,2.49,138,109,22,4,5,6,23,10,9,1,0,8,14,15,86,122,65,0,0,-
583,Brandon Duhaime,MIN,R,46,496.11666666667,6,8,3,5,14,60.87,61,9.84,5.58,104,79,56,27,5,3,63,17,9,7,1,11,10,10,109,56,12,3,10,23.08
587,Brandon Hagel,CHI,L,46,797.43333333333,14,13,11,2,27,61.36,75,18.67,8.66,140,104,86,36,6,3,19,8,7,1,0,17,16,28,32,113,20,12,17,41.38
410,Brandon Montour,FLA,D,50,872.35,5,15,5,10,20,41.67,93,5.38,5.48,183,133,62,12,5,13,34,16,16,0,0,11,27,11,28,66,46,0,0,-
226,Brandon Saad,STL,L,46,753.3,17,11,5,6,28,63.64,98,17.35,12.74,141,116,101,49,5,11,6,3,3,0,0,4,15,27,14,37,13,4,8,33.33
524,Brandon Tanev,SEA,L,30,437.95,9,6,4,2,15,78.95,51,17.65,7.28,77,64,48,31,5,8,13,5,4,1,0,6,11,10,98,56,22,1,1,50.00
140,Brayden McNabb,VGK,D,51,1011.6,2,8,2,6,10,25.64,56,3.57,2.81,131,93,28,4,3,11,34,14,12,2,0,11,18,30,107,121,132,0,0,-
415,Brayden Point,T.B,C,35,693.35,18,16,6,10,34,56.67,103,17.48,14.2,171,152,144,76,6,6,20,7,5,2,0,10,13,19,26,35,9,195,190,50.65
131,Brayden Schenn,STL,C,34,579.01666666667,15,13,9,4,28,62.22,60,25.00,7.45,104,79,81,35,2,4,20,7,5,2,0,5,13,14,48,22,7,121,137,46.90
200,Brendan Gallagher,MTL,R,33,502.03333333333,4,8,6,2,12,54.55,82,4.88,9.66,140,111,91,50,3,14,30,11,10,0,1,18,8,11,38,38,16,9,19,32.14
406,Brendan Lemieux,L.A,L,38,426.83333333333,7,2,2,0,9,52.94,53,13.21,6.47,110,84,68,35,9,9,77,20,11,7,2,19,12,9,95,49,14,10,11,47.62
394,Brendan Perlini,EDM,L,22,185.35,4,1,1,0,5,83.33,23,17.39,2.02,43,33,23,6,2,1,6,3,3,0,0,0,2,3,27,12,3,0,1,0.00
73,Brendan Smith,CAR,D,28,397.03333333333,3,2,0,2,5,31.25,36,8.33,1.05,83,51,17,1,0,2,19,8,7,1,0,7,7,9,45,43,26,0,0,-
161,Brenden Dillon,WPG,D,47,910.25,1,14,3,11,15,37.50,65,1.54,2.71,146,95,38,4,3,7,44,16,12,4,0,11,27,11,125,59,60,0,0,-
10,Brent Burns,S.J,D,50,1315.1,5,29,16,13,34,47.22,139,3.60,6.06,282,192,75,10,27,24,28,14,14,0,0,7,54,34,32,38,97,0,1,0.00
546,Brett Howden,VGK,C,38,398.5,8,10,5,5,18,81.82,34,23.53,5.04,53,48,42,29,4,10,10,5,5,0,0,6,10,10,45,47,29,113,116,49.34
297,Brett Kulak,MTL,D,45,798.78333333333,2,9,4,5,11,39.29,42,4.76,1.41,85,54,19,3,3,10,25,11,10,1,0,9,35,11,57,68,32,0,0,-
711,Brett Leason,WSH,R,35,316,3,3,2,1,6,60.00,45,6.67,3.28,67,54,40,15,1,2,4,2,2,0,0,0,4,9,15,28,14,3,5,37.50
574,Brett Murray,BUF,L,19,246.3,2,4,3,1,6,66.67,14,14.29,2.67,25,22,21,14,0,6,23,5,3,1,1,5,5,4,17,16,2,0,0,-
355,Brett Pesce,CAR,D,38,831.96666666667,4,12,7,5,16,40.00,78,5.13,3.16,155,107,29,8,4,8,14,7,7,0,0,6,20,23,24,36,53,0,0,-
227,Brett Ritchie,CGY,R,24,228.58333333333,0,0,0,0,0,0.00,37,0.00,3.35,60,49,38,18,5,3,21,9,8,1,0,6,7,2,36,19,4,0,1,0.00
11,Brian Boyle,PIT,C,39,414.6,6,3,1,2,9,75.00,59,10.17,5.15,81,73,47,25,1,6,23,6,3,3,0,6,7,10,51,29,23,110,131,45.64
145,Brian Dumoulin,PIT,D,47,1037.5166666667,3,11,2,9,14,28.00,57,5.26,2.82,119,88,25,5,1,7,12,6,6,0,0,3,31,22,52,109,94,0,0,-
466,Brock Boeser,VAN,R,46,866.11666666667,15,13,6,7,28,63.64,130,11.54,15.49,261,187,143,48,6,13,12,6,6,0,0,6,13,24,18,21,19,11,13,45.83
293,Brock McGinn,PIT,L,49,747.76666666667,10,6,5,1,16,64.00,83,12.05,7.51,128,108,81,34,7,7,8,4,4,0,0,8,16,12,76,69,39,15,26,36.59
178,Brock Nelson,NYI,C,37,638.76666666667,18,9,4,5,27,77.14,87,20.69,11.1,139,108,101,51,5,10,23,10,9,1,0,10,23,22,23,38,23,233,243,48.95
196,Bryan Rust,PIT,R,30,563.33333333333,18,21,13,8,39,72.22,100,18.00,14.43,164,138,110,49,7,10,8,4,4,0,0,4,18,9,20,36,15,1,4,20.00
311,Buddy Robinson,ANA,R,23,217.48333333333,1,3,1,2,4,66.67,28,3.57,2.54,38,35,22,14,1,3,10,2,0,2,0,4,5,5,43,12,6,0,5,0.00
50,Cal Clutterbuck,NYI,R,46,641.66666666667,5,6,1,5,11,78.57,59,8.47,6.08,92,79,61,22,3,3,10,5,5,0,0,12,12,17,189,68,19,10,3,76.92
612,Cal Foote,T.B,D,35,483.38333333333,0,4,2,2,4,18.18,32,0.00,1.3,83,54,18,4,8,4,15,6,5,1,0,7,8,3,58,58,40,0,0,-
643,Cale Makar,COL,D,46,1155.45,18,33,16,17,51,51.52,132,13.64,8.23,286,178,82,6,4,17,8,4,4,0,0,6,21,23,52,39,54,0,0,-
471,Caleb Jones,CHI,D,28,418.15,2,3,0,3,5,33.33,30,6.67,1.25,58,38,18,2,0,0,6,3,3,0,0,4,11,9,36,43,33,0,0,-
696,Calen Addison,MIN,D,11,151.01666666667,2,1,1,0,3,30.00,12,16.67,0.53,25,16,8,1,2,1,0,0,0,0,0,4,0,0,11,10,3,0,0,-
166,Calle Jarnkrok,SEA,C,41,682.55,10,10,1,9,20,62.50,65,15.38,7.52,113,91,63,21,3,7,2,1,1,0,0,5,12,16,21,49,12,107,105,50.47
134,Calvin de Haan,CHI,D,48,922.06666666667,1,4,2,2,5,23.81,73,1.37,2.99,153,110,36,4,3,6,21,9,8,1,0,8,44,14,90,57,126,0,0,-
114,Cam Atkinson,PHI,R,51,937.81666666667,17,20,14,6,37,66.07,154,11.04,16.05,227,196,141,71,9,18,8,4,4,0,0,4,17,26,16,30,34,4,7,36.36
538,Cam Dineen,ARI,D,14,200.1,0,4,2,2,4,50.00,18,0.00,0.78,35,24,13,2,2,2,0,0,0,0,0,1,3,0,5,29,17,0,0,-
182,Cam Fowler,ANA,D,49,1178.2,6,20,12,8,26,40.63,82,7.32,4.66,203,113,61,8,3,5,10,5,5,0,0,4,26,19,24,52,75,0,0,-
720,Cam York,PHI,D,13,240.83333333333,1,2,2,0,3,37.50,14,7.14,0.74,35,22,6,1,0,2,2,1,1,0,0,2,3,2,11,22,15,0,0,-
534,Carl Grundstrom,L.A,R,29,323.78333333333,6,3,2,1,9,100.00,51,11.76,5.17,74,67,45,17,6,2,12,6,6,0,0,5,7,4,61,42,9,3,4,42.86
85,Carl Hagelin,WSH,L,50,713.03333333333,3,11,5,6,14,50.00,68,4.41,7.44,113,92,59,30,3,6,20,9,9,0,0,6,13,14,28,42,11,4,9,30.77
326,Carson Soucy,SEA,D,35,592.83333333333,6,7,5,2,13,39.39,45,13.33,1.88,79,55,26,3,1,4,23,10,9,1,0,2,14,11,65,54,39,0,0,-
314,Carter Rowney,DET,C,22,235.81666666667,2,2,1,1,4,44.44,11,18.18,1.61,22,17,15,7,0,2,0,0,0,0,0,1,5,3,31,22,18,56,73,43.41
333,Carter Verhaeghe,FLA,C,50,828.48333333333,16,23,17,6,39,73.58,105,15.24,11.8,197,144,136,49,5,14,28,13,13,0,0,10,29,44,27,81,10,12,3,80.00
150,Casey Cizikas,NYI,C,39,538.21666666667,5,2,2,0,7,53.85,49,10.20,5.53,74,65,55,32,6,5,12,6,6,0,0,9,16,18,84,52,24,285,231,55.23
592,Casey Fitzgerald,BUF,D,13,227.8,0,3,3,0,3,37.50,19,0.00,0.64,33,23,9,1,0,1,15,2,0,1,1,3,5,4,33,16,17,0,0,-
617,Casey Mittelstadt,BUF,C,9,133.4,1,2,1,1,3,75.00,14,7.14,1.3,23,18,15,6,2,0,2,1,1,0,0,1,5,1,0,6,4,49,54,47.57
298,Cedric Paquette,MTL,C,24,212.65,0,2,1,1,2,66.67,16,0.00,1.29,26,21,14,6,0,1,25,7,5,1,1,1,4,5,58,13,14,31,73,29.81
315,Chad Ruhwedel,PIT,D,48,740.51666666667,1,5,2,3,6,20.00,49,2.04,1.83,106,77,22,2,0,7,4,2,2,0,0,5,11,12,92,58,43,0,0,-
281,Chandler Stephenson,VGK,C,48,931.31666666667,13,27,10,17,40,64.52,72,18.06,9.49,112,90,70,27,3,5,22,11,11,0,0,8,20,29,47,88,31,397,406,49.44
173,Charlie Coyle,BOS,C,50,872,12,12,7,5,24,54.55,81,14.81,10.06,128,113,74,40,2,13,16,8,8,0,0,9,30,24,64,42,25,303,336,47.42
530,Charlie McAvoy,BOS,D,47,1155.1166666667,7,23,7,16,30,42.25,94,7.45,4.61,167,124,55,6,0,11,42,18,16,2,0,14,48,18,96,128,77,0,0,-
138,Chris Kreider,NYR,L,50,952.31666666667,33,14,6,8,47,64.38,159,20.75,22.21,253,218,183,114,11,18,16,8,8,0,0,3,29,13,100,33,22,49,39,55.68
287,Chris Tierney,OTT,C,50,646.66666666667,6,9,1,8,15,57.69,59,10.17,6.82,98,81,66,36,3,11,12,6,6,0,0,3,25,19,30,34,23,195,231,45.77
149,Chris Wideman,MTL,D,38,568.91666666667,2,9,5,4,11,42.31,47,4.26,1.94,95,60,26,4,5,5,40,16,15,0,1,5,30,6,30,60,23,0,0,-
412,Christian Dvorak,MTL,L,34,601.96666666667,7,9,8,1,16,55.17,54,12.96,7.05,89,73,68,35,4,6,20,6,5,0,1,9,12,8,23,39,39,336,266,55.81
460,Christian Fischer,ARI,R,42,547.08333333333,3,5,4,1,8,80.00,54,5.56,4.84,89,66,46,26,5,7,10,5,5,0,0,8,17,13,60,57,19,45,77,36.89
508,Christian Jaros,N.J,D,11,121.11666666667,0,0,0,0,0,0.00,9,0.00,0.62,21,14,8,3,3,1,2,1,1,0,0,0,5,1,21,13,10,0,0,-
502,Christian Wolanin,BUF, L.A,D,8,116,1,1,1,0,2,50.00,5,20.00,0.27,10,7,3,1,0,1,2,1,1,0,0,1,2,6,4,6,11,0,0,-
164,Christopher Tanev,CGY,D,49,1010.9666666667,4,14,7,7,18,35.29,55,7.27,2.19,110,78,29,4,1,6,12,6,6,0,0,4,37,19,28,116,83,0,0,-
52,Claude Giroux,PHI,C,48,922.06666666667,16,22,9,13,38,71.70,129,12.40,10.19,213,169,86,32,6,13,16,8,8,0,0,15,22,20,35,31,10,491,305,61.68
539,Clayton Keller,ARI,R,50,1000.5666666667,20,24,13,11,44,77.19,141,14.18,14.93,215,181,127,49,12,15,26,13,13,0,0,18,32,49,15,50,25,22,34,39.29
269,Cody Ceci,EDM,D,46,953.43333333333,2,13,6,7,15,40.54,64,3.13,2.05,130,82,27,3,2,5,8,4,4,0,0,2,21,5,69,89,58,0,0,-
153,Cody Eakin,BUF,C,46,622.05,3,7,2,5,10,58.82,61,4.92,4.29,91,76,43,23,7,5,18,8,8,0,0,6,7,15,28,21,23,303,234,56.42
718,Cole Caufield,MTL,R,36,543.08333333333,6,10,6,4,16,69.57,89,6.74,7.84,158,119,83,22,4,14,4,2,2,0,0,8,10,12,9,18,4,2,2,50.00
750,Cole Perfetti,WPG,C,18,254.66666666667,2,5,5,0,7,87.50,21,9.52,2.63,48,34,31,15,1,1,0,0,0,0,0,2,5,7,17,19,2,0,3,0.00
758,Cole Sillinger,CBJ,C,47,649.61666666667,7,9,4,5,16,72.73,87,8.05,8.97,160,124,98,39,3,6,23,10,9,1,0,9,12,12,37,38,28,216,214,50.23
205,Colin Blackwell,SEA,C,29,333.36666666667,5,5,3,2,10,76.92,37,13.51,3.08,63,45,36,15,2,2,2,1,1,0,0,1,11,10,40,18,11,18,19,48.65
250,Colin Miller,BUF,D,32,628.35,2,10,7,3,12,32.43,43,4.65,1.62,89,65,12,1,0,7,21,9,8,1,0,5,10,6,42,39,39,0,0,-
278,Colton Parayko,STL,D,48,1152.1333333333,5,15,5,10,20,34.48,82,6.10,4.06,148,113,43,11,4,9,12,6,6,0,0,12,34,26,49,70,114,0,0,-
74,Colton Sceviour,EDM,C,31,309.31666666667,2,3,2,1,5,55.56,36,5.56,3.37,56,50,31,15,4,2,26,6,3,2,1,5,9,8,39,24,19,27,31,46.55
290,Colton Sissons,NSH,C,48,766.41666666667,5,15,6,9,20,68.97,48,10.42,6.69,81,69,49,28,3,5,10,5,5,0,0,5,12,10,106,49,27,423,343,55.22
501,Colton White,N.J,D,20,254.3,0,4,1,3,4,33.33,15,0.00,0.86,35,25,9,3,2,5,6,3,3,0,0,0,6,1,15,44,11,0,0,-
303,Connor Brown,OTT,R,36,737.28333333333,7,20,13,7,27,77.14,65,10.77,7.31,131,92,80,28,3,7,4,2,2,0,0,12,34,29,10,47,23,29,33,46.77
560,Connor Bunnaman,PHI,C,15,150.15,0,0,0,0,0,0.00,10,0.00,1.29,17,15,10,5,1,0,4,2,2,0,0,1,2,0,17,10,2,57,50,53.27
325,Connor Clifton,BOS,D,33,533.23333333333,1,1,0,1,2,13.33,37,2.70,1.26,75,55,15,2,1,1,28,11,9,2,0,9,5,4,95,97,35,0,0,-
699,Connor Dewar,MIN,C,21,203.11666666667,2,3,2,1,5,62.50,29,6.90,2.23,55,39,32,9,2,3,23,6,4,1,1,7,2,4,23,18,18,33,38,46.48
448,Connor McDavid,EDM,C,49,1094.3166666667,26,45,25,20,71,79.78,190,13.68,24.71,296,240,211,83,3,25,33,10,8,1,1,34,46,43,46,72,16,325,281,53.63
728,Connor McMichael,WSH,C,47,488.66666666667,7,8,6,2,15,75.00,77,9.09,8.15,115,95,81,41,5,14,6,3,3,0,0,4,7,12,32,26,14,89,141,38.70
246,Connor Murphy,CHI,D,49,1090.7166666667,4,4,1,3,8,23.53,62,6.45,1.8,132,84,25,2,1,6,35,16,15,1,0,10,38,16,112,120,128,0,0,-
504,Conor Garland,VAN,R,47,761.75,13,16,11,5,29,70.73,130,10.00,11.85,200,166,108,38,4,9,28,10,9,0,1,24,25,25,37,83,13,3,4,42.86
376,Conor Sheary,WSH,L,42,658.26666666667,11,12,6,6,23,71.88,75,14.67,8.89,127,111,84,42,5,5,8,4,4,0,0,11,8,20,25,52,23,5,9,35.71
610,Conor Timmins,ARI,D,6,106.48333333333,0,0,0,0,0,0.00,5,0.00,0.31,17,10,4,1,0,2,0,0,0,0,0,0,2,3,7,8,9,0,0,-
12,Corey Perry,T.B,R,49,692.03333333333,13,13,11,2,26,63.41,95,13.68,13.77,155,135,124,81,7,9,43,16,14,1,1,17,14,11,49,69,18,0,2,0.00
148,Craig Smith,BOS,C,43,626.3,6,10,9,1,16,51.61,110,5.45,10.64,186,145,118,49,11,17,18,9,9,0,0,11,16,13,59,52,14,2,8,20.00
371,Curtis Lazar,BOS,C,43,523.66666666667,6,7,4,3,13,65.00,56,10.71,6.48,91,75,66,31,7,4,10,5,5,0,0,7,7,7,112,78,32,82,98,45.56
428,Dakota Joshua,STL,C,22,182.18333333333,2,3,2,1,5,45.45,16,12.50,2.25,29,23,24,14,0,3,14,4,2,2,0,4,6,7,53,26,8,38,32,54.29
289,Damon Severson,N.J,D,48,1128.7166666667,6,21,12,9,27,57.45,103,5.83,6.81,202,148,64,9,13,8,45,21,20,1,0,6,35,28,50,65,59,0,0,-
477,Daniel Sprong,WSH,R,42,540.46666666667,8,5,3,2,13,54.17,91,8.79,8.85,160,130,105,37,7,12,8,4,4,0,0,2,17,12,31,36,11,0,2,0.00
312,Danny DeKeyser,DET,D,40,744.8,0,4,3,1,4,16.67,49,0.00,2.46,95,60,29,5,1,6,12,6,6,0,0,0,10,5,27,34,73,0,0,-
554,Dante Fabbro,NSH,D,41,776.38333333333,1,12,7,5,13,35.14,58,1.72,2.74,121,81,23,1,1,6,22,11,11,0,0,4,17,13,37,74,57,0,0,-
424,Danton Heinen,PIT,L,46,615.61666666667,11,10,6,4,21,63.64,82,13.41,8.81,126,107,95,35,2,10,10,5,5,0,0,5,14,20,41,58,19,0,3,0.00
362,Darnell Nurse,EDM,D,43,1128.6666666667,6,15,7,8,21,34.43,150,4.00,7.95,292,205,82,15,5,7,34,17,17,0,0,6,45,20,135,41,76,0,0,-
39,Darren Helm,COL,C,38,402.98333333333,4,2,2,0,6,54.55,53,7.55,4.92,82,66,51,23,3,2,6,3,3,0,0,1,3,16,62,31,12,23,30,43.40
650,David Kampf,TOR,C,50,745.25,7,11,7,4,18,62.07,62,11.29,5.97,99,78,58,25,3,4,16,8,8,0,0,7,13,13,47,67,18,369,324,53.25
404,David Pastrnak,BOS,R,50,950.76666666667,27,22,16,6,49,66.22,220,12.27,19.89,400,311,194,52,13,21,14,7,7,0,0,16,57,23,41,66,8,6,10,37.50
75,David Perron,STL,L,37,622.63333333333,9,15,7,8,24,61.54,83,10.84,6.45,156,106,84,13,3,9,26,9,8,0,1,10,12,16,45,31,7,1,2,33.33
151,David Savard,MTL,D,42,870.05,1,8,4,4,9,34.62,42,2.38,2.33,85,59,23,9,1,7,24,12,12,0,0,6,36,7,95,52,92,0,0,-
745,Dawson Mercer,N.J,C,50,796.98333333333,11,17,15,2,28,60.87,87,12.64,10.53,155,121,112,59,11,10,18,8,8,0,0,10,34,40,11,74,24,155,291,34.75
498,Dean Kukan,CBJ,D,18,271.41666666667,3,3,1,2,6,40.00,22,13.64,1.39,30,25,13,6,2,2,10,4,4,0,0,3,8,6,13,20,19,0,0,-
487,Denis Gurianov,DAL,R,45,650.25,6,15,11,4,21,72.41,103,5.83,8.97,194,138,94,36,3,14,14,7,7,0,0,5,26,7,43,37,23,0,0,-
180,Derek Forbort,BOS,D,46,844.48333333333,4,5,1,4,9,36.00,39,10.26,1.13,80,55,15,1,3,4,24,9,7,2,0,7,18,11,74,70,54,0,0,-
110,Derek Grant,ANA,C,45,636.25,8,6,6,0,14,77.78,72,11.11,6.89,114,94,60,39,3,5,23,6,4,1,1,3,10,13,41,22,29,117,115,50.43
499,Derek Ryan,EDM,C,46,517.58333333333,4,6,3,3,10,55.56,38,10.53,4.87,64,51,36,20,1,5,6,3,3,0,0,3,8,18,19,38,16,207,153,57.50
105,Derek Stepan,CAR,C,39,432.96666666667,7,7,4,3,14,77.78,65,10.77,6.78,99,85,61,25,6,11,8,4,4,0,0,3,10,19,19,32,18,169,142,54.34
54,Derick Brassard,PHI,C,20,276.05,4,7,6,1,11,73.33,26,15.38,3.03,37,29,24,14,3,2,6,3,3,0,0,4,4,9,34,18,2,85,90,48.57
283,Devin Shore,EDM,C,29,263.25,2,3,3,0,5,62.50,17,11.76,1.9,35,28,22,8,1,2,6,3,3,0,0,1,4,9,44,28,15,57,55,50.89
420,Devon Toews,COL,D,39,992.41666666667,9,27,8,19,36,50.70,93,9.68,4.84,160,118,42,14,1,10,10,5,5,0,0,4,19,29,36,14,51,0,0,-
542,Dillon Dube,CGY,C,49,622.61666666667,6,8,5,3,14,60.87,84,7.14,8.79,133,108,94,40,4,14,16,8,8,0,0,13,11,18,47,85,8,60,74,44.78
349,Dillon Heatherington,OTT,D,9,111,0,0,0,0,0,0.00,4,0.00,0.73,9,6,2,0,1,0,7,2,1,1,0,1,2,0,18,7,2,0,0,-
224,Dmitrij Jaskin,ARI,R,12,177.41666666667,0,1,1,0,1,25.00,23,0.00,2.17,43,33,21,12,0,2,4,2,2,0,0,1,8,3,47,18,9,5,5,50.00
136,Dmitry Kulikov,MIN,D,47,829.55,4,13,9,4,17,43.59,35,11.43,2.57,86,53,25,8,2,5,25,11,10,1,0,8,17,8,55,80,57,0,0,-
144,Dmitry Orlov,WSH,D,48,1012.6833333333,7,17,9,8,24,43.64,75,9.33,3.94,145,104,45,11,1,10,38,19,19,0,0,10,34,22,84,40,60,0,0,-
294,Dominic Toninato,WPG,C,45,373.11666666667,5,4,4,0,9,75.00,29,17.24,3.8,58,42,44,18,1,0,18,9,9,0,0,4,7,7,63,32,19,35,48,42.17
318,Dominik Kubalik,CHI,L,52,782.63333333333,10,9,3,6,19,61.29,110,9.09,12.23,199,153,100,44,7,9,10,4,4,0,0,10,14,10,67,24,20,7,8,46.67
507,Dominik Simon,PIT,C,46,446.36666666667,3,6,5,1,9,40.91,56,5.36,4.89,84,71,49,24,3,3,16,7,7,0,0,9,10,15,45,58,21,5,10,33.33
240,Dougie Hamilton,N.J,D,30,642.3,7,13,9,4,20,48.78,108,6.48,6.54,209,155,80,18,13,11,22,11,11,0,0,3,25,8,38,17,47,0,0,-
658,Drake Batherson,OTT,R,31,587.75,13,21,16,5,34,79.07,75,17.33,7.52,134,102,81,33,7,7,18,9,9,0,0,6,21,13,65,44,12,14,12,53.85
579,Drake Caggiula,BUF,C,18,263.45,2,3,3,0,5,50.00,23,8.70,1.78,37,31,17,10,3,1,4,2,2,0,0,3,2,6,17,17,7,1,3,25.00
90,Drew Doughty,L.A,D,31,797.35,7,22,10,12,29,58.00,84,8.33,4.95,150,107,64,11,16,12,18,9,9,0,0,5,17,7,46,61,44,0,0,-
740,Drew O'Connor,PIT,L,22,226.23333333333,3,2,1,1,5,62.50,40,7.50,3.81,62,54,45,16,0,4,4,2,2,0,0,2,5,9,12,36,7,18,34,34.62
440,Dryden Hunt,NYR,L,45,527.91666666667,3,6,5,1,9,60.00,51,5.88,6.64,101,80,56,35,2,3,37,13,11,1,1,12,7,11,99,60,9,4,10,28.57
4,Duncan Keith,EDM,D,35,712.7,1,13,7,6,14,45.16,52,1.92,2.23,103,72,20,3,2,6,10,5,5,0,0,2,37,24,20,39,61,0,0,-
7,Dustin Brown,L.A,R,47,725.11666666667,6,15,8,7,21,58.33,121,4.96,13.41,186,157,104,62,11,11,16,8,8,0,0,13,15,7,73,56,14,1,3,25.00
594,Dylan Coghlan,VGK,D,40,573.33333333333,3,8,3,5,11,45.83,69,4.35,3,153,106,30,6,4,10,14,7,7,0,0,5,19,15,38,47,44,0,0,-
715,Dylan Cozens,BUF,C,48,765.85,11,14,5,9,25,60.98,95,11.58,8.73,146,122,88,39,4,8,23,10,9,1,0,10,18,16,23,50,17,224,308,42.11
210,Dylan DeMelo,WPG,D,44,738.58333333333,1,5,2,3,6,26.09,41,2.44,2,72,52,16,5,2,3,18,9,9,0,0,6,24,5,60,52,59,0,0,-
593,Dylan Gambrell,OTT,C,33,399.2,1,3,2,1,4,44.44,31,3.23,3.74,52,48,36,17,3,2,8,4,4,0,0,5,5,3,58,55,23,156,169,48.00
395,Dylan Larkin,DET,C,46,884.26666666667,26,26,19,7,52,75.36,140,18.57,14.37,253,188,146,53,3,20,33,11,9,1,1,12,26,20,32,39,17,384,344,52.75
464,Dylan Strome,CHI,C,39,593.76666666667,9,12,5,7,21,77.78,68,13.24,6.96,99,83,73,44,2,4,22,10,10,0,0,6,6,31,6,31,18,214,178,54.59
429,Dysin Mayo,ARI,D,41,849.88333333333,3,3,1,2,6,21.43,47,6.38,1.81,93,66,26,3,3,8,8,4,4,0,0,3,23,9,64,43,80,0,0,-
624,Eeli Tolvanen,NSH,R,48,666.03333333333,7,9,5,4,16,40.00,112,6.25,9.32,194,150,97,29,6,12,12,6,6,0,0,7,11,7,114,38,23,0,1,0.00
655,Eetu Luostarinen,FLA,C,47,632.75,8,7,4,3,15,71.43,55,14.55,6.14,110,75,66,35,6,8,6,3,3,0,0,8,19,24,71,95,31,210,315,40.00
360,Elias Lindholm,CGY,C,49,987.28333333333,23,26,12,14,49,56.98,139,16.55,15.38,211,178,159,65,3,13,10,4,4,0,0,6,24,38,37,34,28,478,425,52.93
626,Elias Pettersson,VAN,C,52,939.71666666667,14,20,10,10,34,60.71,105,13.33,11.83,228,164,130,44,3,14,8,4,4,0,0,20,24,31,24,62,30,169,225,42.89
657,Emil Bemstrom,CBJ,C,13,131.13333333333,2,2,0,2,4,66.67,22,9.09,2.17,34,32,19,7,0,2,2,1,1,0,0,0,4,4,7,8,2,0,0,-
668,Eric Robinson,CBJ,L,42,585.15,6,11,6,5,17,70.83,58,10.34,5.76,113,81,64,32,8,7,10,5,5,0,0,5,10,17,44,50,11,1,1,50.00
646,Erik Brannstrom,OTT,D,21,408.33333333333,0,5,2,3,5,35.71,30,0.00,1.53,64,41,16,3,1,10,16,8,8,0,0,3,13,3,17,44,22,0,0,-
454,Erik Cernak,T.B,D,22,426.2,1,6,3,3,7,46.67,43,2.33,1.71,85,66,21,2,6,3,21,9,8,1,0,8,5,11,71,40,34,0,0,-
189,Erik Gudbranson,CGY,D,49,881.05,3,8,3,5,11,36.67,86,3.49,2.29,165,115,25,3,4,7,51,17,12,5,0,10,28,10,73,110,60,0,0,-
299,Erik Gustafsson,CHI,D,42,684.58333333333,2,12,7,5,14,35.90,53,3.77,2.48,110,71,27,3,2,3,10,5,5,0,0,2,28,8,31,54,40,0,0,-
156,Erik Haula,BOS,L,47,694.43333333333,5,12,5,7,17,68.00,85,5.88,8.43,123,109,79,42,5,4,25,11,10,1,0,10,12,13,90,44,23,221,213,50.92
46,Erik Johnson,COL,D,50,900.95,5,11,4,7,16,31.37,93,5.38,3.2,176,111,53,6,3,7,16,8,8,0,0,2,18,24,109,56,87,0,0,-
97,Erik Karlsson,S.J,D,33,762.36666666667,8,18,10,8,26,61.90,83,9.64,4.54,167,118,66,13,25,5,14,7,7,0,0,10,36,39,14,47,34,0,0,-
280,Esa Lindell,DAL,D,49,1093.9166666667,3,12,7,5,15,38.46,98,3.06,2.95,142,109,42,5,1,7,4,2,2,0,0,7,27,13,75,59,98,0,1,0.00
470,Ethan Bear,CAR,D,36,564.61666666667,2,6,3,3,8,27.59,50,4.00,2.22,102,69,21,7,2,6,16,7,7,0,0,3,17,10,36,57,29,0,0,-
676,Evan Bouchard,EDM,D,50,1041,9,18,8,10,27,49.09,115,7.83,5.84,232,161,44,10,1,15,20,10,10,0,0,8,51,20,48,54,68,0,0,-
496,Evan Rodrigues,PIT,C,52,887.55,16,18,11,7,34,59.65,155,10.32,14.71,249,197,135,50,5,13,4,2,2,0,0,13,21,20,62,80,20,152,164,48.10
130,Evander Kane,EDM,L,11,205.68333333333,5,4,2,2,9,75.00,37,13.51,3.76,69,50,43,21,2,3,12,6,6,0,0,2,3,3,40,17,3,1,3,25.00
20,Evgeni Malkin,PIT,C,16,290.98333333333,6,11,6,5,17,70.83,43,13.95,4.71,74,51,45,19,1,7,4,2,2,0,0,3,16,17,8,16,7,58,78,42.65
78,Evgenii Dadonov,VGK,R,49,785.66666666667,10,11,9,2,21,51.22,124,8.06,13.99,204,162,135,67,9,15,12,6,6,0,0,9,19,13,44,81,19,0,2,0.00
172,Evgeny Kuznetsov,WSH,C,49,1029.6833333333,15,33,20,13,48,65.75,129,11.63,13.36,225,181,130,47,3,10,18,9,9,0,0,16,23,30,23,33,19,333,440,43.08
459,Evgeny Svechnikov,WPG,L,40,407.73333333333,3,7,2,5,10,71.43,45,6.67,4.24,71,53,49,26,3,3,22,11,11,0,0,4,20,13,47,41,11,2,3,40.00
648,Filip Chytil,NYR,C,41,517.61666666667,5,7,3,4,12,57.14,79,6.33,8.37,134,106,86,40,7,10,10,5,5,0,0,7,13,13,15,43,13,106,139,43.27
275,Filip Forsberg,NSH,L,38,691.35,26,18,11,7,44,75.86,112,23.21,10.85,211,166,115,37,6,7,14,7,7,0,0,13,31,23,48,25,26,1,0,100.00
576,Filip Hronek,DET,D,47,1053.6,4,20,10,10,24,54.55,85,4.71,4.26,175,117,49,9,3,13,28,10,9,0,1,14,29,9,40,61,52,0,0,-
681,Filip Zadina,DET,R,49,694.13333333333,6,9,3,6,15,57.69,100,6.00,8.72,194,140,105,34,4,11,4,2,2,0,0,11,24,11,33,32,22,0,0,-
442,Frank Vatrano,FLA,C,40,487.81666666667,8,6,3,3,14,73.68,81,9.88,6.69,139,104,75,25,10,10,16,8,8,0,0,4,16,16,42,50,13,9,12,42.86
382,Frederick Gaudreau,MIN,C,42,686.21666666667,5,15,8,7,20,64.52,70,7.14,6.65,127,99,78,25,3,5,8,4,4,0,0,8,14,15,24,35,29,220,221,49.89
490,Gabriel Carlsson,CBJ,D,18,218.95,1,3,2,1,4,30.77,7,14.29,0.31,21,9,9,1,0,3,2,1,1,0,0,1,3,3,16,20,16,0,0,-
233,Gabriel Landeskog,COL,L,42,860.66666666667,23,26,13,13,49,57.65,115,20.00,17.1,194,151,131,76,4,15,55,19,15,3,1,12,21,14,78,52,28,224,184,54.90
381,Garnet Hathaway,WSH,R,47,656.43333333333,10,9,4,5,19,55.88,89,11.24,9.56,139,110,89,43,4,9,35,16,15,1,0,15,11,17,162,74,35,8,12,40.00
603,Gavin Bayreuther,CBJ,D,30,412.2,0,8,3,5,8,36.36,35,0.00,1.15,67,50,11,0,0,4,17,7,6,1,0,4,11,9,31,49,26,0,0,-
600,Gerry Mayhew,PHI,C,17,212.36666666667,6,0,0,0,6,66.67,29,20.69,3.04,47,37,33,13,0,4,8,4,4,0,0,2,2,4,30,25,9,2,1,66.67
559,Givani Smith,DET,R,41,326.31666666667,4,2,2,0,6,54.55,40,10.00,3.32,64,52,29,17,4,2,91,23,13,7,3,13,8,6,69,29,19,0,0,-
171,Greg McKegg,NYR,C,30,336.68333333333,1,3,2,1,4,66.67,17,5.88,2.05,26,21,17,11,1,2,4,2,2,0,0,3,10,10,39,25,17,53,58,47.75
111,Greg Pateryn,ANA,D,10,141.2,1,1,1,0,2,28.57,16,6.25,0.57,23,21,5,0,1,2,10,5,5,0,0,0,3,0,18,21,7,0,0,-
211,Gregory Hofmann,CBJ,C,24,300.13333333333,2,5,2,3,7,50.00,33,6.06,2.84,51,36,33,18,1,2,8,4,4,0,0,4,9,7,23,13,10,0,8,0.00
427,Gustav Forsling,FLA,D,42,896.21666666667,2,20,9,11,22,39.29,75,2.67,3.21,164,108,46,7,6,5,12,6,6,0,0,4,30,37,31,79,45,0,0,-
654,Gustav Lindstrom,DET,D,40,650.38333333333,1,9,3,6,10,40.00,32,3.13,0.89,56,38,14,3,1,4,12,6,6,0,0,3,16,7,36,42,53,0,0,-
109,Gustav Nyquist,CBJ,C,50,841.3,13,18,16,2,31,59.62,63,20.63,7.5,106,86,69,31,4,8,14,7,7,0,0,10,17,33,28,55,33,9,10,47.37
260,Hampus Lindholm,ANA,D,51,1160.85,5,15,9,6,20,36.36,97,5.15,5.16,192,134,55,11,2,7,40,19,19,0,0,8,35,24,47,76,70,0,0,-
389,Haydn Fleury,SEA,D,30,502.21666666667,2,1,0,1,3,20.00,42,4.76,1.43,85,59,16,5,2,5,6,3,3,0,0,1,13,4,54,41,55,0,0,-
636,Henri Jokiharju,BUF,D,35,753.65,3,9,4,5,12,38.71,44,6.82,1.87,80,51,14,2,2,3,10,5,5,0,0,1,21,8,34,46,30,0,0,-
569,Henrik Borgstrom,CHI,C,37,413.1,4,3,0,3,7,70.00,36,11.11,3.69,71,48,39,19,4,4,16,7,7,0,0,2,8,18,17,18,14,74,107,40.88
62,Ian Cole,CAR,D,46,785.16666666667,2,11,4,7,13,37.14,50,4.00,1.68,119,73,16,1,1,8,62,24,21,2,1,3,28,17,66,77,56,0,0,-
698,Ilya Lyubushkin,ARI, TOR,D,47,848.18333333333,0,9,3,6,9,31.03,33,0.00,1.15,61,50,10,1,1,1,26,13,13,0,0,7,15,12,95,58,60,0,0,-
735,Ilya Mikheyev,TOR,R,21,319.38333333333,8,3,2,1,11,52.38,54,14.81,5,74,61,50,22,1,6,4,2,2,0,0,3,11,9,19,23,8,0,0,-
677,Isac Lundestrom,ANA,C,53,852.06666666667,12,12,7,5,24,80.00,62,19.35,8.51,102,84,70,43,6,4,6,3,3,0,0,12,16,12,22,48,41,288,349,45.21
407,Ivan Barbashev,STL,C,49,829.91666666667,16,20,14,6,36,66.67,80,20.00,12.46,132,108,97,48,6,9,24,11,11,0,0,9,25,25,86,54,23,94,156,37.60
489,Ivan Provorov,PHI,D,48,1210.6333333333,5,14,4,10,19,41.30,92,5.43,4.71,204,129,67,14,0,11,20,10,10,0,0,9,55,12,34,82,102,0,0,-
346,J.T. Compher,COL,L,38,628.75,9,8,5,3,17,50.00,57,15.79,8.65,103,78,72,36,4,7,17,7,6,1,0,11,10,16,21,42,34,172,170,50.29
243,J.T. Miller,VAN,C,50,1053.1,18,35,21,14,53,80.30,123,14.63,15.04,209,179,143,62,5,20,37,17,16,1,0,16,30,23,114,49,36,391,340,53.49
295,Jaccob Slavin,CAR,D,48,1148.9666666667,3,26,12,14,29,45.31,97,3.09,5.43,216,140,66,10,5,7,10,5,5,0,0,5,27,48,35,70,85,0,0,-
723,Jack Hughes,N.J,C,30,571.51666666667,14,16,12,4,30,78.95,98,14.29,10.65,174,132,112,43,8,11,0,0,0,0,0,4,35,34,3,48,12,69,165,29.49
29,Jack Johnson,COL,D,46,749.93333333333,1,6,1,5,7,24.14,37,2.70,1.09,79,51,19,2,2,6,34,10,7,2,1,8,14,7,48,47,42,0,0,-
640,Jack Rathbone,VAN,D,9,124.46666666667,0,0,0,0,0,0.00,10,0.00,0.49,22,16,7,0,0,0,2,1,1,0,0,3,4,2,5,22,8,0,0,-
473,Jack Roslovic,CBJ,C,49,578.8,8,12,8,4,20,66.67,69,11.59,5.6,117,102,60,23,2,5,2,1,1,0,0,1,23,21,29,41,10,181,228,44.25
629,Jack Studnicka,BOS,C,10,126.18333333333,0,2,2,0,2,100.00,12,0.00,1.12,24,18,14,3,0,3,4,2,2,0,0,0,5,3,14,17,0,35,37,48.61
694,Jacob Bernard-Docker,OTT,D,8,118.15,0,1,1,0,1,16.67,6,0.00,0.92,12,9,2,0,0,1,4,2,2,0,0,0,2,2,4,8,3,0,0,-
656,Jacob Bryson,BUF,D,42,797.55,0,8,7,1,8,24.24,27,0.00,0.89,57,33,19,3,1,2,10,5,5,0,0,8,12,9,32,70,46,0,0,-
438,Jacob Middleton,S.J,D,33,605.15,3,5,3,2,8,32.00,38,7.89,2.48,61,48,19,4,11,2,46,14,8,6,0,8,11,16,62,26,53,0,0,-
659,Jacob Peterson,DAL,C,42,497.26666666667,9,2,2,0,11,68.75,57,15.79,6.85,103,83,74,32,1,6,8,4,4,0,0,7,9,9,15,33,17,44,35,55.70
273,Jacob Trouba,NYR,D,50,1136.6333333333,8,16,7,9,24,46.15,133,6.02,7.24,256,181,72,18,6,19,71,28,23,5,0,21,37,14,135,71,116,0,0,-
185,Jaden Schwartz,SEA,C,29,535.68333333333,6,14,9,5,20,64.52,70,8.57,7.31,119,101,68,33,2,3,10,5,5,0,0,9,16,21,35,47,9,12,14,46.15
568,Jake Bean,CBJ,D,41,870.96666666667,4,11,4,7,15,35.71,59,6.78,2.55,132,83,37,3,2,7,20,10,10,0,0,2,13,15,18,42,54,0,0,-
488,Jake DeBrusk,BOS,L,45,640.53333333333,9,8,4,4,17,80.95,101,8.91,9.99,152,126,104,42,6,13,6,3,3,0,0,8,14,21,25,42,13,6,6,50.00
437,Jake Evans,MTL,C,43,690.38333333333,6,7,3,4,13,61.90,82,7.32,7.95,137,107,84,41,2,6,16,8,8,0,0,7,18,17,66,63,21,271,289,48.39
330,Jake Guentzel,PIT,L,46,906.31666666667,25,27,11,16,52,65.00,165,15.15,22.31,263,215,203,97,8,26,30,14,14,0,0,17,14,20,44,92,25,11,10,52.38
614,Jake Leschyshyn,VGK,C,20,235.66666666667,1,3,2,1,4,50.00,18,5.56,1.82,30,23,20,13,0,2,6,3,3,0,0,3,1,7,19,35,15,62,81,43.36
292,Jake McCabe,CHI,D,46,919.43333333333,3,7,1,6,10,41.67,45,6.67,2.48,94,61,32,2,3,5,17,7,6,1,0,4,34,12,96,81,107,0,0,-
83,Jake Muzzin,TOR,D,41,861.21666666667,2,10,5,5,12,34.29,61,3.28,2.5,139,87,43,4,5,4,12,6,6,0,0,4,42,12,84,102,53,0,0,-
416,Jake Walman,STL,D,24,284.25,1,3,1,2,4,44.44,32,3.13,2.05,72,50,26,5,0,4,4,2,2,0,0,0,9,5,13,13,17,0,0,-
541,Jakob Chychrun,ARI,D,39,923.85,2,9,5,4,11,42.31,120,1.67,6.32,252,198,56,5,4,11,40,16,15,0,1,6,30,16,42,73,57,0,0,-
126,Jakob Silfverberg,ANA,R,47,814.95,3,15,7,8,18,43.90,107,2.80,8.47,163,136,86,38,8,14,28,14,14,0,0,8,15,28,14,49,38,8,14,36.36
82,Jakub Voracek,CBJ,R,48,807.15,2,33,26,7,35,66.04,89,2.25,6.41,157,114,71,24,4,7,18,9,9,0,0,15,30,29,17,37,19,4,22,15.38
453,Jakub Zboril,BOS,D,10,157.25,0,3,1,2,3,42.86,13,0.00,0.83,20,15,4,1,0,1,4,2,2,0,0,1,4,1,24,15,10,0,0,-
518,Jalen Chatfield,CAR,D,7,117.5,0,1,1,0,1,25.00,10,0.00,0.42,20,15,4,2,0,4,0,0,0,0,0,0,1,2,19,19,7,0,0,-
34,James Neal,STL,L,19,227.31666666667,2,2,0,2,4,44.44,31,6.45,3.49,45,37,31,12,1,2,0,0,0,0,0,2,4,2,17,13,3,0,2,0.00
66,James van Riemsdyk,PHI,L,51,843.86666666667,11,9,6,3,20,60.61,110,10.00,13.49,169,150,116,71,5,13,16,8,8,0,0,6,22,12,21,59,14,5,5,50.00
60,Jamie Benn,DAL,L,49,840.95,12,11,4,7,23,62.16,109,11.01,14.31,195,156,127,61,4,16,60,23,20,2,1,11,29,22,99,36,40,308,252,55.00
749,Jamie Drysdale,ANA,D,53,1054.8666666667,3,19,11,8,22,45.83,80,3.75,4.34,178,123,46,7,2,13,12,6,6,0,0,9,29,12,23,54,52,0,0,-
242,Jamie Oleksiak,SEA,D,43,821.15,1,10,7,3,11,28.95,58,1.72,4.62,109,76,40,13,2,9,43,13,9,3,1,6,24,20,112,57,44,0,0,-
653,Jan Rutta,T.B,D,45,755.83333333333,2,10,3,7,12,27.27,49,4.08,1.84,116,76,25,5,9,7,32,15,15,0,0,6,7,3,52,86,46,0,0,-
198,Jani Hakanpaa,DAL,D,48,729.15,2,6,3,3,8,26.67,37,5.41,1.87,90,52,23,3,0,6,39,14,12,1,1,4,18,3,129,101,59,0,0,-
756,Janis Moser,ARI,D,23,423.51666666667,3,5,3,2,8,38.10,21,14.29,1.38,54,32,16,4,0,4,10,5,5,0,0,4,8,4,14,49,19,0,0,-
581,Janne Kuokkanen,N.J,C, L,43,563.08333333333,5,6,1,5,11,55.00,45,11.11,4.46,79,64,53,19,8,3,8,4,4,0,0,6,8,22,25,49,16,2,9,18.18
456,Jansen Harkins,WPG,C,49,493.36666666667,5,3,0,3,8,66.67,48,10.42,4.52,97,69,56,20,2,2,11,4,3,1,0,11,18,19,34,52,10,11,9,55.00
403,Jared McCann,SEA,L,48,780.48333333333,21,12,6,6,33,80.49,130,16.15,12.66,231,191,123,51,2,9,10,5,5,0,0,15,24,27,46,54,15,183,215,45.98
115,Jared Spurgeon,MIN,D,33,697.75,5,15,9,6,20,35.71,54,9.26,2.94,110,72,34,6,4,7,6,3,3,0,0,1,7,6,26,53,38,0,0,-
343,Jason Dickinson,VAN,C,48,632.38333333333,3,3,1,2,6,42.86,53,5.66,5.92,98,77,62,27,5,7,17,7,6,1,0,7,8,15,88,83,35,116,153,43.12
632,Jason Robertson,DAL,L,41,721.28333333333,21,25,12,13,46,68.66,113,18.58,12.97,212,151,123,60,2,15,14,7,7,0,0,4,29,30,18,31,14,0,0,-
3,Jason Spezza,TOR,C,46,512.91666666667,10,9,5,4,19,70.37,66,15.15,6.16,127,92,59,21,5,11,18,9,9,0,0,4,24,22,17,22,18,222,184,54.68
168,Jason Zucker,PIT,L,31,482.5,6,7,4,3,13,50.00,88,6.82,8.98,128,110,77,39,3,10,10,5,5,0,0,6,17,13,51,41,15,4,10,28.57
703,Jasper Weatherby,S.J,C,41,484.06666666667,3,4,2,2,7,43.75,41,7.32,4.46,71,56,46,22,7,7,16,8,8,0,0,3,11,14,43,37,21,149,143,51.03
89,Jay Beagle,ARI,C,21,294.55,1,0,0,0,1,33.33,13,7.69,1.88,23,16,16,11,2,3,10,5,5,0,0,0,3,4,32,18,9,190,118,61.69
306,Jaycob Megna,S.J,D,19,342.78333333333,1,0,0,0,1,8.33,15,6.67,0.74,36,24,15,1,1,2,10,5,5,0,0,0,7,9,30,27,33,0,0,-
309,Jayson Megna,COL,C,20,206.1,0,3,2,1,3,60.00,19,0.00,1.74,32,23,16,9,4,3,4,2,2,0,0,2,1,8,27,8,9,56,60,48.28
220,Jean-Gabriel Pageau,NYI,C,44,751.65,7,8,4,4,15,53.57,76,9.21,8,115,101,75,49,7,7,15,6,5,1,0,14,25,17,93,58,26,415,303,57.80
6,Jeff Carter,PIT,C,46,835.1,13,16,9,7,29,60.42,142,9.15,14.65,218,169,120,63,8,19,24,12,12,0,0,10,26,21,65,47,29,402,308,56.62
51,Jeff Petry,MTL,D,44,995.71666666667,3,8,2,6,11,27.50,66,4.55,2.84,167,92,38,2,4,11,24,12,12,0,0,5,65,6,99,63,57,0,0,-
187,Jeff Skinner,BUF,L,49,838.93333333333,20,16,10,6,36,64.29,151,13.25,15.61,234,191,155,74,7,10,14,7,7,0,0,13,25,31,14,39,13,50,69,42.02
597,Jeffrey Viel,S.J,L,16,142.96666666667,2,1,0,1,3,100.00,17,11.76,2.01,28,21,21,9,2,3,64,18,12,4,2,13,3,9,43,16,4,1,3,25.00
479,Jeremy Lauzon,SEA,D,44,772.78333333333,1,4,2,2,5,20.00,41,2.44,1.17,95,61,18,1,0,6,56,18,13,4,1,10,15,7,152,74,38,0,0,-
620,Jesper Boqvist,N.J,C,24,292.21666666667,4,6,3,3,10,76.92,33,12.12,3.4,57,46,30,13,7,1,2,1,1,0,0,2,8,10,13,31,7,63,100,38.65
570,Jesper Bratt,N.J,L,45,760.38333333333,14,29,14,15,43,79.63,121,11.57,10.87,181,156,103,48,8,15,16,8,8,0,0,9,31,22,15,52,14,0,3,0.00
201,Jesper Fast,CAR,R,50,735.25,10,9,8,1,19,55.88,62,16.13,9.64,110,88,77,44,3,7,4,2,2,0,0,3,14,10,67,80,28,2,10,16.67
682,Jesperi Kotkaniemi,CAR,C,47,575.95,11,11,4,7,22,68.75,58,18.97,5.94,100,75,53,32,0,7,14,7,7,0,0,9,16,18,60,54,14,114,107,51.58
540,Jesse Puljujarvi,EDM,R,46,766.63333333333,12,16,10,6,28,50.91,117,10.26,16.85,199,168,138,74,3,9,18,9,9,0,0,6,11,19,46,72,10,0,0,-
286,Jimmy Vesey,N.J,L,46,680.7,7,6,3,3,13,68.42,77,9.09,9.1,127,105,78,40,13,3,6,3,3,0,0,2,22,37,71,23,22,8,23,25.81
17,Joe Pavelski,DAL,C,49,890.58333333333,21,32,22,10,53,74.65,133,15.79,16.52,219,181,135,83,9,18,10,5,5,0,0,9,24,18,62,26,44,250,205,54.95
708,Joe Snively,WSH,C,9,105.3,4,3,2,1,7,77.78,16,25.00,2.01,26,20,17,9,1,4,2,1,1,0,0,0,1,5,2,7,2,0,0,-
2,Joe Thornton,FLA,C,24,264.61666666667,4,2,1,1,6,60.00,19,21.05,2.38,35,27,20,9,1,2,6,3,3,0,0,0,15,10,15,11,7,71,85,45.51
679,Joe Veleno,DET,C,35,429.23333333333,4,3,2,1,7,53.85,38,10.53,3.53,68,50,37,16,1,2,16,7,7,0,0,3,9,10,54,30,13,90,88,50.56
244,Joel Armia,MTL,R,37,503.28333333333,2,5,3,2,7,50.00,58,3.45,5.25,97,76,56,25,5,6,12,6,6,0,0,8,20,18,72,28,20,1,12,7.69
486,Joel Eriksson Ek,MIN,C,43,795.2,16,12,7,5,28,52.83,129,12.40,13.07,186,151,121,72,5,12,20,10,10,0,0,23,6,18,76,64,25,390,428,47.68
671,Joel Farabee,PHI,L,33,567.85,11,7,5,2,18,60.00,58,18.97,6.16,113,80,61,27,9,0,17,7,6,1,0,10,15,11,47,47,18,4,14,22.22
375,Joel Hanley,DAL,D,22,235.08333333333,1,1,1,0,2,28.57,6,16.67,0.19,19,11,4,1,0,0,2,1,1,0,0,0,9,1,26,33,25,0,0,-
737,Joel Kiviranta,DAL,L,41,394.9,1,3,0,3,4,36.36,38,2.63,3.11,62,48,34,15,2,3,10,5,5,0,0,4,7,7,76,39,14,0,3,0.00
170,Johan Larsson,ARI,L,29,517.91666666667,6,9,3,6,15,60.00,30,20.00,3.56,63,44,34,13,4,3,30,12,10,2,0,8,9,10,53,53,21,194,223,46.52
101,John Carlson,WSH,D,48,1143.2666666667,10,30,15,15,40,52.63,118,8.47,7.37,227,164,64,8,2,15,14,6,6,0,0,7,24,19,34,53,62,0,0,-
328,John Hayden,BUF,C,43,481.43333333333,1,2,0,2,3,37.50,52,1.92,4.62,81,63,53,20,4,6,57,13,6,5,2,14,9,9,81,39,22,2,5,28.57
202,John Klingberg,DAL,D,42,917.81666666667,1,25,14,11,26,45.61,69,1.45,4.43,195,104,64,5,1,9,14,7,7,0,0,7,49,6,26,107,48,0,0,-
491,John Marino,PIT,D,52,1089.8666666667,1,17,9,8,18,48.65,56,1.79,2.86,120,79,29,8,1,6,15,6,5,1,0,11,28,24,53,101,53,0,0,-
139,John Moore,BOS,D,7,122.96666666667,0,1,1,0,1,20.00,7,0.00,0.33,15,10,5,0,0,1,4,2,2,0,0,1,2,2,9,10,11,0,0,-
127,John Tavares,TOR,C,49,892.93333333333,17,30,15,15,47,65.28,156,10.90,21.81,268,219,198,94,6,19,18,9,9,0,0,11,44,24,42,54,27,514,320,61.63
212,Johnny Gaudreau,CGY,L,49,909.91666666667,20,44,34,10,64,71.11,166,12.05,17.3,303,222,164,60,16,15,12,6,6,0,0,11,53,29,5,21,5,1,0,100.00
175,Jon Merrill,MIN,D,46,802.95,4,11,5,6,15,34.09,45,8.89,1.69,91,64,20,1,3,4,12,6,6,0,0,0,15,4,32,90,80,0,0,-
609,Jonah Gadjovich,S.J,L,28,239.76666666667,0,2,2,0,2,100.00,18,0.00,2.74,38,29,26,16,4,1,55,13,5,7,1,15,9,5,67,31,8,1,2,33.33
241,Jonas Brodin,MIN,D,39,917.91666666667,3,17,6,11,20,40.82,71,4.23,2.86,119,84,33,6,0,6,10,5,5,0,0,3,17,17,29,66,72,0,0,-
622,Jonas Rondbjerg,VGK,R,15,152.45,2,2,0,2,4,80.00,12,16.67,1.76,24,20,17,12,0,2,2,1,1,0,0,1,1,5,7,28,5,0,2,0.00
446,Jonas Siegenthaler,N.J,D,50,1042,0,10,5,5,10,25.00,68,0.00,2.15,152,92,55,5,11,14,32,13,11,2,0,12,32,14,54,106,77,0,0,-
556,Jonathan Dahlen,S.J,C,44,648.65,11,9,6,3,20,60.61,89,12.36,10.29,147,116,100,53,16,11,6,3,3,0,0,3,18,15,11,23,20,0,0,-
358,Jonathan Drouin,MTL,L,32,553.31666666667,6,14,9,5,20,80.00,60,10.00,4.99,99,84,51,20,2,4,23,6,4,1,1,3,15,6,24,16,11,30,33,47.62
234,Jonathan Huberdeau,FLA,L,51,979.55,17,55,33,22,72,80.90,140,12.14,15.31,212,173,138,63,7,19,28,10,9,0,1,14,52,46,67,52,21,13,29,30.95
251,Jonathan Marchessault,VGK,C,46,790.26666666667,20,15,11,4,35,76.09,151,13.25,14.36,236,191,128,46,2,13,14,7,7,0,0,2,35,25,33,65,12,25,35,41.67
57,Jonathan Toews,CHI,C,43,768.03333333333,4,15,8,7,19,52.78,73,5.48,7.88,114,95,82,42,3,6,20,10,10,0,0,9,21,30,15,58,13,478,338,58.58
197,Joonas Donskoi,SEA,R,51,800.51666666667,1,15,5,10,16,48.48,62,1.61,7.22,112,90,84,34,5,3,4,2,2,0,0,9,19,17,28,80,23,3,8,27.27
99,Jordan Eberle,SEA,R,51,933.6,14,16,9,7,30,66.67,112,12.50,13.56,207,168,133,65,8,8,8,4,4,0,0,4,18,32,31,64,30,5,9,35.71
451,Jordan Greenway,MIN,L,41,589.53333333333,4,10,4,6,14,38.89,57,7.02,7.21,93,81,46,26,3,7,43,17,14,3,0,12,14,12,107,49,20,14,26,35.00
562,Jordan Kyrou,STL,C,46,750.83333333333,18,27,17,10,45,84.91,120,15.00,11.8,208,159,148,45,13,12,10,5,5,0,0,14,23,24,3,61,15,6,5,54.55
288,Jordan Martinook,CAR,L,34,362.56666666667,2,7,5,2,9,64.29,29,6.90,3.43,75,53,46,20,6,1,10,5,5,0,0,4,9,6,46,59,6,9,12,42.86
379,Jordan Oesterle,DET,D,27,499.16666666667,1,4,3,1,5,31.25,40,2.50,1.39,68,51,17,0,1,1,4,2,2,0,0,0,11,4,13,44,28,0,0,-
53,Jordan Staal,CAR,C,48,811.83333333333,4,13,5,8,17,51.52,84,4.76,10.38,145,125,107,63,2,11,10,5,5,0,0,6,27,16,150,65,19,464,347,57.21
116,Jordie Benn,MIN,D,28,423.15,1,3,1,2,4,23.53,24,4.17,0.86,56,35,13,1,2,2,8,4,4,0,0,0,10,5,33,32,30,0,0,-
300,Josh Anderson,MTL,R,40,679.36666666667,12,9,6,3,21,80.77,97,12.37,11.55,173,139,120,53,10,10,41,12,8,3,1,11,12,16,98,38,15,12,14,46.15
95,Josh Bailey,NYI,R,40,701.31666666667,3,19,10,9,22,68.75,41,7.32,4.35,75,53,54,17,0,4,4,2,2,0,0,1,22,15,13,31,16,33,55,37.50
327,Josh Brown,OTT,D,34,480.3,0,5,4,1,5,35.71,32,0.00,0.91,61,42,10,1,1,7,18,6,4,2,0,5,18,8,81,42,35,0,0,-
555,Josh Mahura,ANA,D,19,259.76666666667,1,1,0,1,2,22.22,11,9.09,0.87,36,22,10,2,0,2,4,2,2,0,0,1,8,3,32,39,31,0,0,-
208,Josh Manson,ANA,D,43,848.46666666667,3,4,3,1,7,25.00,56,5.36,2.93,110,77,39,13,4,5,49,20,17,3,0,9,31,24,112,53,44,0,0,-
367,Josh Morrissey,WPG,D,47,1083.25,6,15,9,6,21,35.59,92,6.52,6.07,193,140,57,13,6,9,26,13,13,0,0,11,38,15,95,51,59,0,0,-
641,Josh Norris,OTT,C,36,668.16666666667,18,8,3,5,26,54.17,92,19.57,10.44,158,131,92,37,4,6,10,5,5,0,0,12,18,13,46,61,32,284,278,50.53
700,Josiah Slavin,CHI,L,14,165.83333333333,0,1,1,0,1,50.00,12,0.00,1.27,21,14,14,6,1,4,4,2,2,0,0,0,3,4,11,10,4,26,34,43.33
413,Juho Lammikko,VAN,L,45,525.13333333333,5,6,4,2,11,64.71,40,12.50,4.45,63,51,36,18,4,4,12,6,6,0,0,7,3,9,47,18,28,192,180,51.61
284,Jujhar Khaira,CHI,L,27,367.2,3,0,0,0,3,60.00,32,9.38,2.81,51,39,30,14,0,1,13,5,4,1,0,5,2,2,88,39,14,53,48,52.48
531,Julien Gauthier,NYR,R,37,385.96666666667,3,3,2,1,6,50.00,56,5.36,7.52,90,77,69,46,4,8,2,1,1,0,0,7,13,11,74,44,12,1,2,33.33
350,Justin Bailey,VAN,R,14,127.1,0,0,0,0,0,0.00,16,0.00,0.57,25,17,9,3,0,0,6,2,2,0,0,3,4,7,12,5,6,0,1,0.00
63,Justin Braun,PHI,D,51,1024.35,4,10,4,6,14,42.42,58,6.90,1.93,127,84,28,3,4,10,32,16,16,0,0,8,23,9,67,63,95,0,0,-
601,Justin Danforth,CBJ,R,15,157.05,3,2,2,0,5,62.50,24,12.50,2.77,42,36,24,15,1,2,0,0,0,0,0,4,0,4,33,16,4,21,13,61.76
160,Justin Dowling,VAN,C,22,211.08333333333,2,2,2,0,4,66.67,17,11.76,2.04,28,22,13,8,1,3,2,1,1,0,0,1,1,4,10,19,9,21,19,52.50
177,Justin Faulk,STL,D,44,1008.6833333333,7,17,4,13,24,36.92,95,7.37,4.47,174,124,51,12,7,8,29,9,7,1,1,4,25,15,95,38,56,0,0,-
167,Justin Holl,TOR,D,40,816.81666666667,1,7,1,6,8,19.51,36,2.78,1.75,77,54,23,4,0,2,20,10,10,0,0,4,34,8,74,98,65,0,0,-
103,Justin Schultz,WSH,D,46,789.43333333333,2,11,8,3,13,38.24,49,4.08,2.88,114,70,40,5,2,9,8,4,4,0,0,2,16,6,19,53,50,0,0,-
606,Juuso Valimaki,CGY,D,8,126.81666666667,0,2,1,1,2,40.00,11,0.00,0.38,18,11,5,0,1,3,10,5,5,0,0,3,2,3,7,12,9,0,0,-
680,K'Andre Miller,NYR,D,50,1005.6166666667,4,7,4,3,11,28.95,52,7.69,2.52,117,78,30,5,1,4,20,10,10,0,0,6,25,35,71,57,59,0,0,-
721,Kaapo Kakko,NYR,R,37,592.18333333333,5,9,4,5,14,46.67,56,8.93,6.31,100,76,65,35,5,15,10,5,5,0,0,3,8,12,5,42,13,1,6,14.29
607,Kailer Yamamoto,EDM,R,50,822.8,10,9,4,5,19,54.29,67,14.93,8.92,109,93,87,50,0,7,26,9,8,0,1,16,21,20,63,91,16,2,4,33.33
544,Kale Clague,L.A, MTL,D,30,516.31666666667,1,6,4,2,7,58.33,20,5.00,1.19,49,25,23,5,3,4,14,7,7,0,0,1,31,6,7,40,19,0,0,-
697,Karson Kuhlman,BOS, SEA,C,24,233.68333333333,1,1,0,1,2,50.00,27,3.70,2.79,45,35,29,13,0,4,2,1,1,0,0,3,4,6,46,26,11,0,1,0.00
402,Kasperi Kapanen,PIT,R,51,804.38333333333,9,15,9,6,24,68.57,95,9.47,7.83,175,130,102,31,10,14,8,4,4,0,0,4,22,29,67,62,14,3,4,42.86
461,Keegan Kolesar,VGK,R,50,667.46666666667,5,12,9,3,17,60.71,69,7.25,8.37,104,84,72,44,4,14,43,14,9,5,0,14,25,22,132,96,30,67,97,40.85
38,Keith Yandle,PHI,D,51,757.11666666667,1,13,3,10,14,46.67,79,1.27,3.15,173,108,31,3,1,8,10,5,5,0,0,3,30,5,19,13,27,0,0,-
154,Kevin Connauton,FLA, PHI,D,26,324.86666666667,0,0,0,0,0,0.00,19,0.00,0.92,49,26,17,5,1,2,2,1,1,0,0,1,7,3,47,51,22,0,0,-
393,Kevin Fiala,MIN,L,48,838.83333333333,17,25,11,14,42,76.36,154,11.04,14.31,263,214,159,64,8,8,26,13,13,0,0,16,29,18,26,56,13,3,8,27.27
181,Kevin Hayes,PHI,C,20,316.88333333333,3,6,4,2,9,75.00,41,7.32,2.95,72,56,23,3,3,3,14,3,2,0,1,3,13,10,9,6,7,88,126,41.12
432,Kevin Labanc,S.J,R,21,279.11666666667,3,3,2,1,6,60.00,36,8.33,2.65,62,47,32,8,4,2,6,3,3,0,0,3,6,6,28,21,9,0,1,0.00
523,Kevin Rooney,NYR,C,47,658.43333333333,6,4,2,2,10,62.50,59,10.17,4.58,86,68,47,24,3,6,10,5,5,0,0,14,13,15,59,57,36,131,162,44.71
64,Kevin Shattenkirk,ANA,D,53,1100.6166666667,7,19,7,12,26,41.94,101,6.93,4.72,176,130,53,12,3,6,18,9,9,0,0,3,40,17,37,65,83,0,0,-
548,Kieffer Bellows,NYI,L,23,280.63333333333,3,8,7,1,11,73.33,38,7.89,3.6,76,53,47,13,2,4,9,3,2,1,0,2,14,2,52,31,6,0,1,0.00
713,Kirby Dach,CHI,C,49,929.68333333333,7,13,7,6,20,44.44,82,8.54,10.3,142,113,91,49,5,6,33,15,14,1,0,10,15,34,32,101,30,157,311,33.55
506,Kirill Kaprizov,MIN,L,47,893.03333333333,23,39,26,13,62,74.70,172,13.37,16.86,300,244,164,57,13,19,18,9,9,0,0,23,40,30,49,71,15,2,3,40.00
625,Klim Kostin,STL,C,36,332.45,4,5,2,3,9,69.23,30,13.33,2.62,57,43,41,14,3,5,16,8,8,0,0,11,14,9,87,16,8,2,2,50.00
36,Kris Letang,PIT,D,48,1236.8833333333,6,41,24,17,47,50.00,133,4.51,6.3,255,168,78,9,1,12,30,15,15,0,0,7,48,30,105,88,84,0,0,-
37,Kris Russell,EDM,D,20,305,0,4,2,2,4,22.22,19,0.00,0.46,37,23,4,1,1,1,4,2,2,0,0,0,11,2,15,23,48,0,0,-
664,Kristian Reichel,WPG,C,13,135.25,1,1,0,1,2,66.67,18,5.56,1.66,30,23,17,7,2,3,7,2,1,1,0,2,1,7,14,16,10,1,0,100.00
621,Kristian Vesalainen,WPG,L,41,376.78333333333,2,1,0,1,3,25.00,35,5.71,2.9,53,39,28,13,2,6,6,3,3,0,0,5,6,4,57,29,9,0,1,0.00
308,Kurtis MacDermid,COL,D,36,276.3,1,2,1,1,3,21.43,32,3.13,1.62,59,43,19,7,0,9,56,14,8,4,2,7,10,3,59,22,18,0,0,-
319,Kyle Burroughs,VAN,D,36,463.11666666667,1,4,1,3,5,41.67,33,3.03,1.14,71,41,22,1,0,1,33,12,9,3,0,9,6,6,97,72,47,0,0,-
483,Kyle Capobianco,ARI,D,22,336.63333333333,2,3,2,1,5,31.25,18,11.11,1.05,32,24,10,1,0,3,14,6,6,0,0,3,17,7,16,16,21,0,0,-
124,Kyle Clifford,STL, TOR,L,12,102.7,0,3,1,2,3,60.00,10,0.00,0.78,18,14,11,2,0,1,7,2,1,1,0,2,2,1,16,17,3,1,3,25.00
445,Kyle Connor,WPG,L,50,1089.8833333333,29,25,15,10,54,77.14,220,13.18,22.2,337,267,205,66,9,16,2,1,1,0,0,4,35,40,26,41,11,0,3,0.00
47,Kyle Okposo,BUF,R,46,770.65,12,16,5,11,28,77.78,115,10.43,9.53,200,157,114,40,5,12,31,13,12,1,0,9,22,15,37,51,11,77,72,51.68
122,Kyle Palmieri,NYI,R,33,517.5,5,6,3,3,11,47.83,76,6.58,8.61,131,101,88,40,4,7,41,15,13,1,1,14,7,7,45,38,8,8,9,47.06
72,Kyle Turris,EDM,C,22,193.61666666667,1,3,0,3,4,66.67,21,4.76,1.42,42,29,18,4,1,1,4,2,2,0,0,2,4,8,13,21,6,28,21,57.14
517,Lane Pederson,S.J,C,26,273.7,0,2,1,1,2,66.67,21,0.00,1.84,37,30,21,7,3,2,10,5,5,0,0,1,6,6,50,38,9,38,44,46.34
86,Lars Eller,WSH,C,45,756.86666666667,8,14,11,3,22,59.46,69,11.59,6.49,133,97,82,32,5,5,20,10,10,0,0,8,23,24,52,56,23,327,341,48.95
726,Lassi Thomson,OTT,D,16,275.88333333333,0,5,2,3,5,33.33,18,0.00,0.61,39,21,10,0,0,4,2,1,1,0,0,3,7,5,23,23,9,0,0,-
347,Laurent Dauphin,MTL,C,19,275.63333333333,2,4,2,2,6,60.00,25,8.00,2.17,43,34,24,13,1,1,19,7,6,1,0,8,4,9,18,46,16,46,59,43.81
482,Lawson Crouse,ARI,L,49,865.4,14,10,7,3,24,63.16,104,13.46,12.66,178,146,119,59,7,14,43,17,14,3,0,14,14,22,135,69,28,13,28,31.71
387,Leon Draisaitl,EDM,C,50,1136.5166666667,35,35,19,16,70,77.78,175,20.00,23.72,305,245,183,69,11,15,28,13,13,0,0,20,53,35,32,93,10,531,452,54.02
307,Liam O'Brien,ARI,C,35,326.7,2,1,1,0,3,50.00,27,7.41,2.86,56,40,27,14,3,3,94,24,12,10,2,19,6,4,122,48,8,4,5,44.44
645,Lias Andersson,L.A,C,13,144.48333333333,0,1,1,0,1,33.33,18,0.00,1.7,21,20,12,9,2,4,10,5,5,0,0,6,5,0,14,15,2,11,8,57.89
532,Libor Hajek,NYR,D,14,188.85,0,1,0,1,1,25.00,11,0.00,0.32,19,13,6,1,1,0,8,4,4,0,0,2,4,2,7,23,24,0,0,-
551,Logan Brown,STL,C,18,206.43333333333,3,3,1,2,6,85.71,20,15.00,3.12,32,27,26,18,0,3,4,2,2,0,0,1,5,4,11,25,8,12,25,32.43
69,Logan Couture,S.J,C,46,876.15,17,20,13,7,37,67.27,119,14.29,13.06,185,154,119,54,16,16,14,7,7,0,0,10,18,40,64,46,36,393,395,49.87
707,Logan O'Connor,COL,R,50,748.51666666667,6,11,9,2,17,53.13,93,6.45,7.82,140,111,89,49,5,16,23,10,9,1,0,17,11,28,60,85,38,3,15,16.67
219,Logan Shaw,OTT,R,17,159.43333333333,1,2,1,1,3,50.00,17,5.88,1.28,22,20,13,6,2,1,2,1,1,0,0,1,3,11,11,12,5,58,57,50.43
558,Logan Stanley,WPG,D,40,618.35,0,9,4,5,9,42.86,63,0.00,2.46,130,96,32,3,4,1,31,11,8,3,0,9,38,8,91,65,58,0,0,-
13,Loui Eriksson,ARI,L,41,514.18333333333,1,9,5,4,10,66.67,49,2.04,3.84,70,60,45,22,1,7,6,3,3,0,0,3,12,9,5,33,7,9,4,69.23
584,Lucas Carlsson,FLA,D,29,357.78333333333,2,6,3,3,8,44.44,30,6.67,1.53,63,41,27,5,0,6,10,5,5,0,0,0,10,5,31,42,21,0,0,-
742,Lucas Raymond,DET,L,51,924.95,13,26,13,13,39,65.00,110,11.82,12.02,179,135,117,54,5,16,8,4,4,0,0,8,26,16,35,61,14,8,9,47.06
255,Luke Glendening,DAL,C,49,670.95,7,3,2,1,10,62.50,65,10.77,7.77,113,97,86,44,4,6,13,5,4,1,0,9,8,10,95,62,34,250,180,58.14
526,Luke Kunin,NSH,C,51,763.45,11,8,6,2,19,54.29,86,12.79,9.93,142,120,95,39,2,6,38,12,9,2,1,7,14,10,157,52,36,26,37,41.27
94,Luke Schenn,VAN,D,36,615.36666666667,3,7,4,3,10,41.67,39,7.69,1.79,92,51,16,1,1,4,28,8,4,4,0,6,27,4,153,56,54,0,0,-
631,MacKenzie Entwistle,CHI,R,36,380.83333333333,5,5,3,2,10,76.92,26,19.23,3.32,39,32,27,22,2,4,17,3,1,1,1,10,10,7,75,47,12,17,21,44.74
321,MacKenzie Weegar,FLA,D,51,1202.75,5,26,14,12,31,39.24,122,4.10,6.66,223,166,61,14,6,11,53,17,14,1,2,8,56,60,125,94,102,0,0,-
31,Marc Staal,DET,D,44,738.98333333333,1,7,2,5,8,19.51,46,2.17,1.82,91,64,28,4,2,4,12,6,6,0,0,5,20,6,47,33,50,0,0,-
35,Marc-Edouard Vlasic,S.J,D,43,633.41666666667,0,9,4,5,9,52.94,32,0.00,1.68,84,55,32,7,7,5,12,6,6,0,0,4,17,8,21,47,46,0,0,-
106,Marco Scandella,STL,D,45,786.75,1,9,4,5,10,30.30,53,1.89,2.81,91,70,26,6,4,4,14,7,7,0,0,1,32,9,61,56,51,0,0,-
147,Marcus Foligno,MIN,L,44,737.75,17,10,9,1,27,58.70,65,26.15,9.13,99,82,70,41,7,4,87,24,15,7,2,15,18,23,133,62,24,6,6,50.00
121,Marcus Johansson,SEA,L,41,690.18333333333,6,12,7,5,18,58.06,66,9.09,7.18,113,86,75,35,4,10,4,2,2,0,0,10,15,20,14,41,15,25,30,45.45
408,Marcus Pettersson,PIT,D,48,756.28333333333,1,11,6,5,12,40.00,45,2.22,2.13,116,76,29,4,2,7,26,13,13,0,0,7,8,12,88,123,44,0,0,-
661,Marian Studenic,N.J,R,17,200.51666666667,1,0,0,0,1,33.33,24,4.17,2.86,37,33,25,12,2,1,0,0,0,0,0,4,4,9,12,23,10,1,3,25.00
611,Mario Ferraro,S.J,D,46,1079.0333333333,2,9,3,6,11,27.50,37,5.41,2.13,85,57,36,5,15,2,8,4,4,0,0,6,27,22,97,108,124,0,0,-
112,Mark Borowiecki,NSH,D,41,540.53333333333,0,2,1,1,2,11.76,28,0.00,0.96,64,44,13,2,0,1,103,22,9,9,4,18,8,3,137,48,51,0,0,-
417,Mark Friedman,PIT,D,12,162.63333333333,0,4,1,3,4,40.00,11,0.00,0.82,23,21,6,2,0,2,8,4,4,0,0,5,1,2,19,26,13,0,0,-
18,Mark Giordano,SEA,D,47,1012.0666666667,5,17,8,9,22,48.89,101,4.95,4.84,241,155,58,6,1,16,35,12,10,1,1,5,24,13,40,87,90,0,0,-
265,Mark Jankowski,BUF,C,18,246.28333333333,2,3,1,2,5,71.43,13,15.38,1.53,25,20,19,9,2,2,4,2,2,0,0,5,9,4,3,12,8,84,88,48.84
193,Mark Pysyk,BUF,D,50,929.03333333333,2,8,3,5,10,32.26,48,4.17,3.25,100,78,27,11,2,3,14,7,7,0,0,3,10,17,31,49,74,0,0,-
238,Mark Scheifele,WPG,C,44,941.38333333333,17,23,13,10,40,62.50,107,15.89,12.25,182,142,122,47,6,14,12,6,6,0,0,11,38,30,26,75,32,288,291,49.74
203,Mark Stone,VGK,R,28,508.1,8,20,14,6,28,68.29,53,15.09,7.15,87,71,62,28,2,3,8,4,4,0,0,7,23,44,14,21,19,13,14,48.15
536,Markus Niemelainen,EDM,D,13,180.65,0,0,0,0,0,0.00,10,0.00,0.2,18,12,3,0,0,0,4,2,2,0,0,2,7,2,57,25,14,0,0,-
670,Martin Fehervary,WSH,D,49,955.88333333333,3,6,4,2,9,18.75,56,5.36,1.91,112,79,28,6,3,8,14,7,7,0,0,6,24,11,139,125,76,0,0,-
638,Martin Necas,CAR,C,46,756.28333333333,8,19,14,5,27,62.79,85,9.41,8.41,161,126,81,23,11,3,20,10,10,0,0,13,44,17,40,61,15,22,24,47.83
513,Mason Appleton,SEA,C,39,555.56666666667,5,8,5,3,13,54.17,54,9.26,6.56,93,74,42,21,1,6,14,7,7,0,0,8,6,6,30,58,12,7,13,35.00
335,Mason Geertsen,N.J,D,16,119.98333333333,0,0,0,0,0,0.00,6,0.00,0.36,11,8,7,2,1,0,55,11,5,3,3,9,3,3,44,8,6,0,0,-
519,Mason Marchment,FLA,L,26,343.78333333333,11,16,8,8,27,79.41,52,21.15,7.79,91,70,53,19,4,5,23,10,9,1,0,11,7,14,60,61,3,4,18,18.18
759,Mason McTavish,ANA,C,9,117.71666666667,2,1,0,1,3,33.33,12,16.67,1.37,16,15,11,9,1,1,2,1,1,0,0,3,0,2,8,7,6,0,3,0.00
467,Mathew Barzal,NYI,C,43,800.53333333333,12,22,11,11,34,79.07,107,11.21,11.35,176,141,108,43,7,9,14,7,7,0,0,13,53,26,24,35,9,134,152,46.85
481,Mathieu Joseph,T.B,R,46,640.46666666667,8,8,4,4,16,72.73,59,13.56,6.76,95,82,68,38,12,2,17,7,6,1,0,15,12,27,70,83,16,15,20,42.86
58,Mathieu Perreault,MTL,C,14,174.66666666667,3,1,0,1,4,50.00,15,20.00,2.53,28,20,19,12,0,3,4,2,2,0,0,4,5,4,16,8,6,32,31,50.79
165,Mats Zuccarello,MIN,R,41,773.71666666667,17,35,23,12,52,72.22,88,19.32,8.05,143,110,82,28,5,9,8,4,4,0,0,9,29,23,20,22,23,15,21,41.67
722,Matt Boldy,MIN,L,17,280.75,8,8,5,3,16,57.14,46,17.39,3.91,80,59,43,12,2,3,4,2,2,0,0,3,8,10,4,19,13,6,5,54.55
129,Matt Duchene,NSH,C,47,893.26666666667,23,23,13,10,46,63.89,137,16.79,16.37,220,186,161,63,2,12,16,7,7,0,0,11,43,15,15,44,17,90,76,54.22
261,Matt Dumba,MIN,D,40,944.58333333333,4,16,10,6,20,37.04,87,4.60,5.46,188,112,40,7,3,16,34,17,17,0,0,8,23,12,82,47,58,0,0,-
277,Matt Grzelcyk,BOS,D,45,851.65,2,15,6,9,17,38.64,82,2.44,3.23,148,108,42,6,3,4,14,7,7,0,0,4,24,11,21,42,56,0,0,-
163,Matt Irwin,WSH,D,13,172.8,0,2,0,2,2,25.00,22,0.00,0.53,36,26,8,1,2,2,4,2,2,0,0,2,6,2,31,24,19,0,0,-
755,Matt Kiersted,FLA,D,8,104.25,1,1,1,0,2,66.67,7,14.29,0.27,13,9,4,1,0,0,0,0,0,0,0,1,3,3,6,16,16,0,0,-
113,Matt Martin,NYI,L,38,438.71666666667,2,2,1,1,4,30.77,41,4.88,4.46,64,52,37,18,2,2,42,11,6,4,1,6,8,5,133,25,16,6,6,50.00
228,Matt Nieto,S.J,L,43,613.48333333333,4,7,7,0,11,68.75,47,8.51,4.27,72,61,42,19,3,4,6,3,3,0,0,9,7,18,64,68,32,2,9,18.18
515,Matt Roy,L.A,D,48,1010.2166666667,0,14,13,1,14,31.82,118,0.00,4.65,210,154,55,11,17,20,18,8,8,0,0,3,37,3,87,95,75,0,0,-
301,Matthew Benning,NSH,D,45,763.61666666667,0,9,5,4,9,40.91,42,0.00,1.37,78,49,24,3,1,5,33,15,14,1,0,9,18,5,57,63,47,0,0,-
439,Matthew Highmore,VAN,C,25,328.55,2,5,2,3,7,58.33,30,6.67,3.11,46,39,32,16,1,3,8,4,4,0,0,5,4,10,26,35,23,0,1,0.00
525,Matthew Tkachuk,CGY,L,49,883.73333333333,24,32,19,13,56,69.14,160,15.00,21.32,293,242,191,93,6,17,34,17,17,0,0,18,47,21,58,42,12,17,12,58.62
146,Mattias Ekholm,NSH,D,47,1099.9666666667,3,12,6,6,15,28.85,75,4.00,6.7,176,119,51,11,2,11,22,11,11,0,0,8,34,20,38,46,55,0,0,-
331,Mattias Janmark,VGK,C,46,650.3,7,10,6,4,17,60.71,55,12.73,6.91,95,78,65,33,1,9,10,5,5,0,0,6,13,23,15,49,19,8,12,40.00
678,Mattias Samuelsson,BUF,D,13,239.85,0,1,1,0,1,9.09,15,0.00,0.81,23,19,5,4,0,1,6,3,3,0,0,4,5,0,22,31,19,0,0,-
635,Max Comtois,ANA,L,30,439.9,2,4,2,2,6,30.00,43,4.65,5.4,82,67,44,22,6,6,30,12,10,2,0,11,25,6,51,30,11,14,15,48.28
366,Max Domi,CBJ,C,40,539.91666666667,9,15,10,5,24,75.00,62,14.52,6.6,123,84,59,19,2,10,24,12,12,0,0,8,21,23,11,18,7,10,9,52.63
81,Max Pacioretty,VGK,L,24,427.4,15,12,6,6,27,75.00,90,16.67,8.3,153,122,89,25,5,9,25,7,5,1,1,6,17,7,20,36,13,1,2,33.33
426,Max Willman,PHI,C,32,383.51666666667,2,1,0,1,3,37.50,46,4.35,2.99,76,61,37,13,2,5,16,8,8,0,0,5,6,11,39,61,8,2,3,40.00
590,Maxim Mamin,FLA,C,24,292.48333333333,5,4,2,2,9,50.00,28,17.86,3.78,50,40,40,23,0,8,4,2,2,0,0,2,16,6,34,24,12,0,0,-
418,Michael Amadio,TOR, VGK,C,28,302.31666666667,4,3,2,1,7,77.78,34,11.76,3.64,62,45,42,23,5,5,2,1,1,0,0,4,5,14,17,33,7,20,31,39.22
425,Michael Bunting,TOR,L,50,769.8,17,18,12,6,35,64.81,110,15.45,14.74,185,149,141,69,3,10,30,15,15,0,0,31,14,23,48,59,12,3,6,33.33
98,Michael Del Zotto,OTT,D,10,172.61666666667,2,4,1,3,6,54.55,15,13.33,0.39,31,22,4,0,0,0,4,2,2,0,0,0,5,1,24,11,12,0,0,-
341,Michael McCarron,NSH,R,28,268,2,2,2,0,4,44.44,28,7.14,3.18,42,35,32,20,1,3,48,14,9,4,1,4,10,5,66,40,16,81,69,54.00
573,Michael McLeod,N.J,C,46,672.58333333333,6,8,3,5,14,56.00,53,11.32,5.28,87,74,54,19,8,1,28,11,9,2,0,12,20,35,92,55,18,414,294,58.47
588,Michael Pezzetta,MTL,L,32,254.68333333333,4,2,2,0,6,85.71,33,12.12,3.27,49,41,33,17,1,4,68,19,13,4,2,15,15,1,90,25,4,3,4,42.86
316,Michael Raffl,DAL,L,43,633.93333333333,4,6,6,0,10,76.92,50,8.00,4.83,80,71,52,24,3,3,6,2,2,0,0,15,20,25,70,55,19,6,6,50.00
615,Michael Rasmussen,DET,C,49,721.28333333333,6,10,7,3,16,66.67,80,7.50,9.92,119,109,87,54,6,16,32,16,16,0,0,17,12,17,63,70,40,279,288,49.21
580,Michal Kempny,WSH,D,8,151.25,1,1,0,1,2,50.00,8,12.50,0.39,27,12,6,0,0,3,10,5,5,0,0,3,4,0,15,19,13,0,0,-
237,Mika Zibanejad,NYR,C,50,1000.1666666667,19,32,20,12,51,65.38,145,13.10,15.4,244,206,121,54,9,14,10,5,5,0,0,10,32,36,36,44,33,423,386,52.29
79,Mikael Backlund,CGY,C,49,853.83333333333,7,15,10,5,22,64.71,129,5.43,13.01,214,175,118,45,9,14,12,6,6,0,0,8,24,31,41,27,15,360,372,49.18
194,Mikael Granlund,NSH,C,49,1025.6666666667,8,32,15,17,40,52.63,77,10.39,8.9,142,104,97,31,3,9,23,10,9,1,0,19,29,28,39,62,24,364,403,47.46
754,Mike Hardman,CHI,L,21,195.31666666667,0,2,1,1,2,40.00,12,0.00,1.68,25,19,17,9,0,3,11,4,3,1,0,2,5,5,60,17,12,1,1,50.00
119,Mike Hoffman,MTL,C,36,625.1,9,8,5,3,17,68.00,85,10.59,6.32,155,116,54,18,4,16,14,7,7,0,0,5,16,17,14,23,15,6,2,75.00
267,Mike Matheson,PIT,D,49,893.58333333333,7,14,7,7,21,47.73,85,8.24,4.49,186,129,56,10,3,12,16,8,8,0,0,12,30,28,65,86,49,0,0,-
221,Mike Reilly,BOS,D,44,837.66666666667,4,9,4,5,13,36.11,83,4.82,3.75,140,109,38,10,2,10,12,6,6,0,0,1,19,8,56,71,36,0,0,-
616,Mikey Anderson,L.A,D,47,942.6,2,3,2,1,5,12.50,49,4.08,2.42,115,72,44,10,7,4,6,3,3,0,0,10,23,7,109,108,58,0,0,-
591,Mikhail Maltsev,COL,L,18,145.28333333333,0,0,0,0,0,0.00,23,0.00,1.72,38,30,22,8,1,3,2,1,1,0,0,2,1,7,31,12,2,44,32,57.89
571,Mikhail Sergachev,T.B,D,45,1022.1333333333,2,22,10,12,24,48.00,79,2.53,3.62,146,106,51,6,8,7,25,11,10,1,0,3,20,11,69,71,72,0,0,-
455,Mikko Rantanen,COL,R,47,979.81666666667,26,33,24,9,59,58.42,169,15.38,18.86,293,238,171,63,4,27,36,17,17,0,0,24,30,31,37,83,22,97,106,47.78
49,Milan Lucic,CGY,L,49,627.18333333333,9,9,7,2,18,62.07,61,14.75,7.5,100,84,68,30,3,7,45,11,5,5,1,10,25,14,123,52,14,8,8,50.00
637,Miro Heiskanen,DAL,D,48,1191.25,4,24,14,10,28,51.85,105,3.81,7.12,211,144,81,22,1,16,20,10,10,0,0,8,62,29,38,73,66,0,0,-
485,Mitchell Marner,TOR,R,41,851.76666666667,17,29,16,13,46,67.65,127,13.39,14.29,229,176,136,49,6,10,8,4,4,0,0,10,38,39,23,33,17,4,3,57.14
484,Mitchell Stephens,DET,C,16,192.05,0,4,2,2,4,80.00,13,0.00,1.12,31,21,12,3,0,3,4,2,2,0,0,0,3,3,9,8,8,83,89,48.26
633,Morgan Frost,PHI,C,30,389.26666666667,2,5,3,2,7,53.85,38,5.26,3.19,67,51,39,12,1,6,12,6,6,0,0,1,12,16,25,5,11,95,102,48.22
613,Morgan Geekie,SEA,C,46,573.7,3,9,4,5,12,63.16,66,4.55,6.2,127,93,67,23,7,7,12,6,6,0,0,9,14,16,28,63,12,205,182,52.97
259,Morgan Rielly,TOR,D,50,1214.9,6,37,22,15,43,49.43,133,4.51,5.4,227,172,63,6,2,11,28,14,14,0,0,6,51,24,51,81,52,0,0,-
719,Moritz Seider,DET,D,51,1165.4,5,30,11,19,35,50.00,107,4.67,5.96,212,138,50,3,0,14,26,13,13,0,0,14,28,24,74,64,98,0,0,-
313,Nate Schmidt,WPG,D,49,1039.4,3,21,12,9,24,48.98,85,3.53,4.96,184,128,41,7,1,14,10,5,5,0,0,8,36,16,24,55,66,0,0,-
16,Nate Thompson,PHI,C,19,221.41666666667,1,0,0,0,1,50.00,7,14.29,1.32,21,16,14,7,0,2,29,5,2,1,2,4,5,2,29,16,8,68,67,50.37
572,Nathan Bastian,N.J, SEA,R,43,516.2,9,2,1,1,11,34.38,59,15.25,8.09,100,82,75,46,9,6,52,15,11,2,2,12,9,9,128,73,24,14,10,58.33
245,Nathan Beaulieu,WPG,D,19,191.53333333333,0,1,1,0,1,100.00,20,0.00,0.71,42,31,7,1,1,3,21,6,3,3,0,3,12,0,10,11,15,0,0,-
356,Nathan MacKinnon,COL,C,36,758.81666666667,12,36,26,10,48,75.00,161,7.45,14.19,278,212,162,41,4,20,16,8,8,0,0,20,34,20,32,47,27,190,230,45.24
374,Nathan Walker,STL,L,9,117.46666666667,4,1,1,0,5,71.43,16,25.00,1.52,27,23,19,5,3,2,0,0,0,0,0,2,2,3,22,16,5,0,3,0.00
133,Nazem Kadri,COL,C,47,904.01666666667,21,42,26,16,63,70.00,163,12.88,18.75,279,217,161,62,4,20,52,19,16,2,1,25,15,23,33,69,9,380,397,48.91
651,Neal Pionk,WPG,D,45,996.35,2,18,9,9,20,37.04,93,2.15,5.3,179,132,41,10,4,7,26,13,13,0,0,9,41,16,109,71,56,0,0,-
159,Nic Dowd,WSH,C,39,573.18333333333,7,8,7,1,15,65.22,57,12.28,6.46,87,72,59,29,2,8,26,12,12,0,0,10,5,18,84,72,33,331,276,54.53
179,Nick Bjugstad,MIN,C,30,303.96666666667,4,4,1,3,8,57.14,48,8.33,4.7,73,60,51,27,6,7,8,4,4,0,0,4,7,8,47,19,11,72,65,52.55
61,Nick Bonino,S.J,C,48,800.38333333333,6,6,2,4,12,38.71,74,8.11,8.93,118,98,77,44,5,14,14,7,7,0,0,5,3,33,23,38,60,339,297,53.30
217,Nick Cousins,NSH,C,42,538.45,6,7,5,2,13,65.00,69,8.70,6.78,111,96,74,33,1,6,14,7,7,0,0,13,11,9,41,63,17,15,20,42.86
45,Nick Foligno,BOS,L,33,460.93333333333,1,6,5,1,7,53.85,50,2.00,4.56,76,67,37,21,1,4,35,13,10,3,0,7,9,9,89,22,16,15,11,57.69
88,Nick Holden,OTT,D,44,871.95,4,7,4,3,11,37.93,51,7.84,2.21,113,81,31,4,2,6,6,3,3,0,0,2,31,10,75,97,64,0,0,-
158,Nick Jensen,WSH,D,46,882.93333333333,4,8,5,3,12,26.67,55,7.27,2.24,115,82,29,4,0,1,10,5,5,0,0,10,21,16,81,122,56,0,0,-
137,Nick Leddy,DET,D,46,979.16666666667,1,11,2,9,12,36.36,43,2.33,1.98,77,63,20,4,0,1,16,8,8,0,0,3,22,16,24,35,42,0,0,-
468,Nick Merkley,S.J,R,9,111.7,1,2,1,1,3,60.00,7,14.29,0.93,15,12,9,5,1,1,0,0,0,0,0,1,3,7,9,7,2,6,5,54.55
336,Nick Paul,OTT,L,49,855.23333333333,9,7,2,5,16,66.67,113,7.96,10.52,199,157,119,49,4,16,20,7,5,2,0,8,23,36,59,75,37,279,293,48.78
392,Nick Ritchie,TOR,L,33,395.78333333333,2,7,3,4,9,64.29,52,3.85,6.71,88,73,62,36,0,9,23,10,9,1,0,2,10,5,79,42,13,0,3,0.00
400,Nick Schmaltz,ARI,C,31,508.25,9,13,11,2,22,70.97,51,17.65,5.5,87,69,50,27,4,6,4,2,2,0,0,4,13,22,7,33,8,53,66,44.54
213,Nick Seeler,PHI,D,33,438.38333333333,1,2,0,2,3,18.75,23,4.35,1.02,50,34,12,2,0,2,24,9,7,2,0,11,12,3,60,62,48,0,0,-
628,Nick Suzuki,MTL,C,51,1025.7833333333,9,21,8,13,30,69.77,113,7.96,9.63,176,140,101,34,4,10,20,10,10,0,0,16,33,30,63,58,38,427,448,48.80
56,Nicklas Backstrom,WSH,C,19,338.2,4,10,4,6,14,58.33,37,10.81,4.13,61,52,39,19,1,3,6,3,3,0,0,1,4,5,9,19,6,138,155,47.10
619,Nico Hischier,N.J,C,44,826.73333333333,13,17,9,8,30,65.22,92,14.13,11.37,160,129,114,55,5,10,15,6,5,1,0,12,19,30,31,83,34,453,381,54.32
709,Nico Sturm,MIN,C,45,543.66666666667,8,8,5,3,16,69.57,62,12.90,6.26,92,80,51,28,4,6,8,4,4,0,0,5,9,5,51,66,19,176,166,51.46
409,Nicolas Aube-Kubel,COL, PHI,R,45,451.11666666667,7,9,7,2,16,84.21,59,11.86,5.61,96,78,52,31,4,9,43,20,19,1,0,5,12,12,89,62,10,3,8,27.27
152,Nicolas Deslauriers,ANA,L,50,591.85,4,5,3,2,9,60.00,62,6.45,6.57,106,83,59,33,4,9,71,18,8,9,1,14,9,3,180,32,30,1,3,25.00
608,Nicolas Hague,VGK,D,41,748.08333333333,4,10,4,6,14,29.79,83,4.82,4.09,169,117,51,11,5,13,34,17,17,0,0,7,19,19,43,108,62,0,0,-
478,Nicolas Meloche,S.J,D,21,354.81666666667,1,2,0,2,3,27.27,19,5.26,0.52,45,25,17,1,1,3,10,5,5,0,0,4,14,4,56,41,19,0,0,-
475,Nicolas Roy,VGK,C,47,778.65,8,15,12,3,23,48.94,95,8.42,13.68,141,116,117,65,4,21,39,14,12,1,1,5,27,22,48,42,24,320,345,48.12
231,Nikita Kucherov,T.B,R,14,280.41666666667,7,13,9,4,20,74.07,57,12.28,4.82,98,75,61,17,10,6,6,3,3,0,0,3,3,5,10,15,3,1,0,100.00
370,Nikita Zadorov,CGY,D,42,698.65,3,10,3,7,13,46.43,59,5.08,2.3,125,93,32,3,2,4,38,15,14,0,1,6,38,15,101,53,36,0,0,-
578,Nikita Zaitsev,OTT,D,32,603.48333333333,1,3,0,3,4,16.67,33,3.03,1.07,80,55,13,1,1,4,20,10,10,0,0,0,23,3,75,54,59,0,0,-
505,Niko Mikkola,STL,D,35,637.55,3,8,5,3,11,35.48,49,6.12,2.15,86,66,33,6,0,6,38,19,19,0,0,7,18,3,76,78,56,0,0,-
391,Nikolaj Ehlers,WPG,L,34,631.9,13,12,7,5,25,67.57,134,9.70,12.75,266,199,134,37,9,18,14,7,7,0,0,15,18,23,17,34,14,1,1,50.00
717,Nils Hoglander,VAN,L,51,683.78333333333,8,8,3,5,16,64.00,114,7.02,12.05,166,140,120,55,5,18,22,11,11,0,0,11,24,21,23,78,14,0,0,-
693,Nils Lundkvist,NYR,D,25,348.3,1,3,1,2,4,26.67,32,3.13,1.18,59,43,6,1,0,4,0,0,0,0,0,2,15,3,15,25,15,0,0,-
195,Nino Niederreiter,CAR,R,44,640.73333333333,15,11,4,7,26,60.47,83,18.07,11.78,134,107,89,54,3,18,14,7,7,0,0,10,24,13,64,69,11,6,13,31.58
689,Noah Dobson,NYI,D,44,930.85,8,15,8,7,23,52.27,108,7.41,5.27,226,153,60,9,2,15,10,5,5,0,0,12,46,10,49,68,91,0,0,-
565,Noah Gregor,S.J,C,34,517.65,2,7,4,3,9,56.25,90,2.22,7.48,153,119,88,34,11,5,10,5,5,0,0,4,10,15,66,42,31,7,18,28.00
443,Noah Hanifin,CGY,D,48,1003.8166666667,5,19,5,14,24,38.10,98,5.10,5.66,223,151,68,16,3,18,11,4,3,1,0,7,36,24,29,51,48,0,0,-
472,Noah Juulsen,VAN,D,7,103.81666666667,0,2,1,1,2,66.67,5,0.00,0.12,9,7,0,0,0,1,0,0,0,0,0,1,4,1,20,10,11,0,0,-
605,Nolan Patrick,VGK,C,18,216.06666666667,2,4,2,2,6,66.67,27,7.41,3.37,41,35,32,14,1,3,2,1,1,0,0,5,4,8,14,24,1,75,68,52.45
334,Oliver Bjorkstrand,CBJ,R,48,874.9,15,18,10,8,33,70.21,119,12.61,13.83,238,180,124,49,2,18,6,3,3,0,0,9,23,27,54,53,17,7,10,41.18
132,Oliver Ekman-Larsson,VAN,D,49,1110.85,4,11,6,5,15,36.59,117,3.42,4.86,239,164,58,6,4,16,32,16,16,0,0,16,23,20,67,74,46,0,0,-
458,Oliver Kylington,CGY,D,48,895.53333333333,6,18,6,12,24,40.00,92,6.52,4.96,187,125,63,10,3,9,8,4,4,0,0,7,41,18,29,59,46,0,0,-
669,Oliver Wahlstrom,NYI,R,41,545.03333333333,10,9,4,5,19,59.38,106,9.43,10.49,193,146,108,30,6,11,37,13,11,1,1,14,13,10,57,36,13,4,5,44.44
547,Olli Juolevi,FLA,D,9,112.66666666667,0,0,0,0,0,0.00,9,0.00,0.22,17,13,1,0,1,0,2,1,1,0,0,1,3,1,8,23,6,0,0,-
266,Olli Maatta,L.A,D,35,621.6,1,2,0,2,3,11.54,33,3.03,1.47,71,46,21,2,8,1,8,3,3,0,0,1,20,9,34,61,55,0,0,-
436,Ondrej Kase,TOR,R,42,595.88333333333,10,11,6,5,21,67.74,105,9.52,10.31,179,139,101,46,14,5,14,7,7,0,0,6,15,23,23,50,28,2,6,25.00
207,Ondrej Palat,T.B,L,44,768.78333333333,15,17,9,8,32,55.17,89,16.85,11.27,156,129,107,51,12,10,14,7,7,0,0,6,16,21,73,87,27,1,6,14.29
430,Oskar Lindblom,PHI,L,50,717.88333333333,8,11,7,4,19,70.37,91,8.79,10.9,149,122,85,48,3,12,14,7,7,0,0,8,13,14,54,58,33,5,9,35.71
589,Oskar Steen,BOS,C,19,207.35,2,4,3,1,6,85.71,22,9.09,1.87,40,31,20,6,3,3,6,3,3,0,0,4,4,9,29,27,6,1,5,16.67
279,Oskar Sundqvist,STL,C,34,469.23333333333,4,11,8,3,15,65.22,48,8.33,4.35,75,61,46,15,5,6,10,5,5,0,0,11,15,8,38,35,17,48,65,42.48
627,Owen Tippett,FLA,R,42,526.55,6,8,6,2,14,45.16,73,8.22,7.81,127,93,67,28,3,6,10,5,5,0,0,2,17,24,62,52,12,19,33,36.54
70,P.K. Subban,N.J,D,47,919.33333333333,3,14,7,7,17,40.48,79,3.80,3.74,185,113,57,4,7,8,20,10,10,0,0,4,36,18,49,53,57,0,0,-
665,Parker Kelly,OTT,L,17,169.63333333333,2,1,0,1,3,50.00,16,12.50,1.86,32,23,21,9,2,1,6,3,3,0,0,3,3,4,43,26,15,0,1,0.00
65,Pat Maroon,T.B,L,48,626.3,8,8,2,6,16,47.06,70,11.43,7.06,94,84,69,43,6,6,65,17,10,5,2,9,6,11,86,77,4,11,11,50.00
42,Patric Hornqvist,FLA,R,41,541.15,7,12,7,5,19,55.88,105,6.67,11.78,149,131,100,57,6,18,13,5,4,1,0,8,10,16,76,70,11,6,9,40.00
14,Patrice Bergeron,BOS,C,46,845.9,13,24,10,14,37,59.68,176,7.39,16.89,253,218,172,67,8,16,24,12,12,0,0,9,12,20,57,33,32,666,384,63.43
380,Patrick Brown,PHI,C,22,265.86666666667,2,3,2,1,5,83.33,31,6.45,2.71,51,40,26,12,0,9,0,0,0,0,0,3,5,5,46,19,17,105,72,59.32
76,Patrick Kane,CHI,R,48,1035.4,13,36,23,13,49,79.03,181,7.18,13.58,329,244,135,34,2,13,10,5,5,0,0,9,27,26,7,35,16,4,3,57.14
537,Patrik Laine,CBJ,L,31,566.75,18,17,7,10,35,77.78,87,20.69,9.14,163,126,87,17,4,11,12,6,6,0,0,4,31,14,22,24,11,5,12,29.41
174,Patrik Nemeth,NYR,D,39,671.85,0,2,1,1,2,11.76,34,0.00,1.78,69,49,17,3,4,2,12,6,6,0,0,2,14,6,64,84,73,0,0,-
67,Paul Byron,MTL,L,8,110.05,1,1,0,1,2,100.00,11,9.09,1.05,15,13,10,5,0,2,0,0,0,0,0,0,6,2,24,8,0,19,21,47.50
27,Paul Stastny,WPG,C,39,677.85,12,10,7,3,22,55.00,68,17.65,10.58,95,83,79,58,5,8,10,5,5,0,0,3,12,17,12,14,15,77,58,57.04
329,Pavel Buchnevich,STL,L,44,796.36666666667,18,27,12,15,45,73.77,128,14.06,12.03,190,157,117,40,7,10,24,8,7,0,1,12,21,24,32,40,7,11,20,35.48
447,Pavel Zacha,N.J,C,47,804.53333333333,12,11,4,7,23,63.89,106,11.32,11.48,183,144,125,42,13,6,14,7,7,0,0,6,22,25,57,49,14,99,95,51.03
712,Peyton Krebs,BUF, VGK,C,26,394.18333333333,3,6,6,0,9,47.37,26,11.54,2.57,47,37,33,13,5,0,16,8,8,0,0,5,14,6,12,33,3,36,54,40.00
55,Phil Kessel,ARI,R,50,866.03333333333,6,27,13,14,33,66.00,104,5.77,11,189,141,99,37,4,13,18,9,9,0,0,4,30,21,4,11,18,2,3,40.00
730,Philip Broberg,EDM,D,14,193.2,0,1,0,1,1,14.29,13,0.00,0.51,31,21,6,1,0,2,6,3,3,0,0,2,6,2,5,19,8,0,0,-
727,Philip Tomasino,NSH,C,45,508.23333333333,6,9,5,4,15,75.00,64,9.38,8.43,113,97,76,29,3,8,8,4,4,0,0,5,16,11,23,32,15,16,27,37.21
672,Philipp Kurashev,CHI,C,45,597.35,4,10,8,2,14,66.67,63,6.35,5.21,104,77,60,25,2,7,12,6,6,0,0,11,9,16,26,50,16,42,60,41.18
521,Philippe Myers,NSH,D,22,333.83333333333,0,3,2,1,3,23.08,24,0.00,1.15,58,40,12,2,0,1,10,5,5,0,0,1,12,7,40,27,16,0,0,-
247,Phillip Danault,L.A,C,48,860.61666666667,14,14,6,8,28,58.33,112,12.50,14.6,176,152,117,66,3,14,30,12,10,2,0,11,20,10,45,59,25,410,341,54.59
435,Pierre Engvall,TOR,L,47,595.06666666667,8,10,7,3,18,85.71,94,8.51,7.81,159,126,95,28,4,11,14,7,7,0,0,8,24,17,34,60,5,20,31,39.22
383,Pierre-Edouard Bellemare,T.B,L,48,690.56666666667,6,9,5,4,15,48.39,45,13.33,4.53,84,66,57,22,7,4,4,2,2,0,0,5,9,18,58,72,27,286,268,51.62
567,Pierre-Luc Dubois,WPG,L,49,925.76666666667,21,15,9,6,36,56.25,135,15.56,18.78,228,191,174,100,10,15,56,28,28,0,0,27,30,14,71,93,26,307,360,46.03
666,Pius Suter,DET,C,51,872.13333333333,11,12,7,5,23,74.19,111,9.91,13.7,176,146,126,55,4,12,12,6,6,0,0,6,17,23,19,18,24,316,290,52.15
673,Quinn Hughes,VAN,D,48,1211,4,35,20,15,39,54.93,97,4.12,4.57,232,138,61,4,0,14,22,11,11,0,0,5,29,24,13,62,32,0,0,-
748,Quinton Byfield,L.A,C,10,113.7,1,0,0,0,1,25.00,12,8.33,1.54,20,16,17,7,3,1,8,4,4,0,0,2,3,5,4,12,1,35,35,50.00
276,Radek Faksa,DAL,C,44,697.1,2,9,4,5,11,61.11,46,4.35,5.6,84,73,45,20,2,9,27,11,10,1,0,12,15,20,75,56,39,212,193,52.35
652,Radim Simek,S.J,D,30,411.25,1,1,1,0,2,20.00,20,5.00,1.24,41,28,17,2,6,4,8,4,4,0,0,6,13,9,72,55,33,0,0,-
162,Radko Gudas,FLA,D,49,913.48333333333,1,11,6,5,12,22.22,70,1.43,2.68,154,103,33,3,3,6,63,24,19,5,0,19,39,18,218,99,75,0,0,-
444,Rasmus Andersson,CGY,D,49,1098.2833333333,2,25,14,11,27,35.53,95,2.11,4.64,173,123,39,5,2,11,14,7,7,0,0,8,27,19,25,57,78,0,0,-
533,Rasmus Asplund,BUF,C,49,767.55,5,12,9,3,17,54.84,89,5.62,9.25,131,121,73,44,7,9,8,4,4,0,0,3,11,14,12,43,10,24,31,43.64
684,Rasmus Dahlin,BUF,D,49,1163.9333333333,8,25,11,14,33,55.00,106,7.55,4.43,200,135,41,7,2,6,40,19,19,0,0,9,28,14,66,69,56,0,0,-
685,Rasmus Kupari,L.A,C,37,429.46666666667,3,6,2,4,9,64.29,32,9.38,3.34,59,49,35,17,5,3,14,7,7,0,0,5,15,10,30,46,10,114,152,42.86
363,Rasmus Ristolainen,PHI,D,44,928.6,2,10,6,4,12,31.58,66,3.03,3.5,143,98,43,13,5,12,20,10,10,0,0,9,18,8,153,126,76,0,0,-
692,Rasmus Sandin,TOR,D,43,729.56666666667,2,10,5,5,12,28.57,39,5.13,2.42,104,65,40,8,1,4,2,1,1,0,0,3,20,12,73,81,34,0,0,-
706,Reese Johnson,CHI,C,18,179.75,1,3,1,2,4,100.00,11,9.09,0.98,23,16,13,2,1,1,7,2,1,1,0,5,4,6,64,25,6,32,37,46.38
141,Reilly Smith,VGK,R,49,874.88333333333,14,19,11,8,33,63.46,127,11.02,14.79,214,167,139,62,10,15,4,2,2,0,0,9,37,26,48,60,19,2,4,33.33
582,Rem Pitlick,MIN, MTL,C,35,430.51666666667,10,9,4,5,19,73.08,29,34.48,4.06,43,39,35,24,6,1,16,8,8,0,0,3,16,15,15,36,11,5,3,62.50
249,Rickard Rakell,ANA,L,43,788.3,14,11,6,5,25,52.08,121,11.57,12.32,231,179,128,43,5,10,4,2,2,0,0,6,21,19,49,63,31,28,30,48.28
71,Riley Nash,ARI, T.B, WPG,C,40,451.91666666667,0,2,1,1,2,20.00,30,0.00,3.92,56,48,36,21,7,2,10,5,5,0,0,6,12,15,33,44,14,170,153,52.63
186,Riley Sheahan,SEA,C,40,454.43333333333,2,7,3,4,9,45.00,40,5.00,3.11,58,49,35,17,3,3,0,0,0,0,0,7,7,12,10,26,15,156,180,46.43
563,Riley Stillman,CHI,D,28,408.26666666667,1,9,6,3,10,62.50,25,4.00,0.81,63,36,13,1,0,2,27,9,6,3,0,7,14,6,67,43,29,0,0,-
401,Robby Fabbri,DET,C,49,857.98333333333,13,13,10,3,26,56.52,111,11.71,13.24,190,153,117,55,3,9,31,14,13,1,0,16,18,13,78,58,18,51,53,49.04
77,Robert Bortuzzo,STL,D,43,599.85,1,2,1,1,3,20.00,27,3.70,1.39,50,40,17,4,1,2,28,11,9,2,0,7,12,3,78,39,55,0,0,-
348,Robert Hagg,BUF,D,39,673.03333333333,1,5,2,3,6,26.09,36,2.78,1.6,87,56,16,1,2,2,23,10,9,1,0,6,15,4,73,51,75,0,0,-
630,Robert Thomas,STL,C,43,814.9,7,33,24,9,40,66.67,71,9.86,10,115,100,98,47,3,6,12,6,6,0,0,7,23,38,11,30,14,329,342,49.03
644,Robin Salo,NYI,D,18,306.81666666667,1,3,3,0,4,50.00,22,4.55,0.89,41,27,10,0,1,5,4,2,2,0,0,0,12,5,5,37,19,0,0,-
102,Roman Josi,NSH,D,49,1231.0666666667,14,39,22,17,53,63.86,174,8.05,9.11,334,232,98,14,4,26,32,16,16,0,0,10,48,24,35,78,77,0,0,-
469,Roope Hintz,DAL,C, L,47,830.81666666667,22,20,11,9,42,61.76,133,16.54,16.84,225,185,172,78,5,22,14,7,7,0,0,10,27,15,42,45,26,191,191,50.00
585,Ross Colton,T.B,C,46,609.66666666667,9,11,7,4,20,76.92,89,10.11,9.36,152,127,88,42,10,11,16,4,3,0,1,13,7,15,88,51,24,225,212,51.49
373,Ross Johnston,NYI,L,13,135.78333333333,1,2,0,2,3,100.00,3,33.33,0.48,7,5,5,3,0,0,14,4,2,2,0,4,6,3,36,10,6,0,0,-
509,Rudolfs Balcers,S.J,L,33,508.9,6,9,6,3,15,62.50,58,10.34,5.91,100,80,65,31,7,5,12,5,5,0,0,4,18,15,71,43,23,7,8,46.67
378,Ryan Carpenter,CHI,C,48,613.7,1,6,3,3,7,58.33,54,1.85,5.57,88,72,58,26,3,5,29,9,7,1,1,9,8,15,103,57,26,116,111,51.10
411,Ryan Donato,SEA,C,48,657.51666666667,11,7,6,1,18,60.00,110,10.00,11.94,185,148,108,56,3,18,28,7,4,2,1,11,16,26,46,75,11,6,12,33.33
206,Ryan Dzingel,ARI, S.J,C,27,357.91666666667,4,3,3,0,7,63.64,25,16.00,2.74,48,36,32,15,1,4,35,9,5,3,1,5,8,8,16,11,6,65,86,43.05
9,Ryan Getzlaf,ANA,C,43,809.53333333333,3,24,14,10,27,69.23,83,3.61,7.31,150,119,69,18,1,6,21,9,8,1,0,6,52,26,72,42,45,432,376,53.47
339,Ryan Graves,N.J,D,45,946.88333333333,3,16,10,6,19,39.58,76,3.95,3.57,167,112,57,18,20,13,18,9,9,0,0,13,36,20,53,73,89,0,0,-
344,Ryan Hartman,MIN,R,48,891.75,19,18,14,4,37,50.00,145,13.10,13.07,246,203,130,46,6,18,52,23,21,2,0,18,14,16,43,47,31,288,346,45.43
191,Ryan Johansen,NSH,C,48,794.93333333333,13,23,10,13,36,61.02,77,16.88,7.72,107,97,77,34,3,6,32,16,16,0,0,6,29,23,38,25,22,429,375,53.36
529,Ryan Lindgren,NYR,D,47,962.85,4,5,3,2,9,21.95,43,9.30,3.02,93,59,33,10,1,7,22,11,11,0,0,7,25,14,84,81,101,0,0,-
522,Ryan Lomberg,FLA,L,39,454.91666666667,4,7,4,3,11,64.71,70,5.71,6.67,125,94,78,32,6,7,56,17,13,2,2,18,7,14,94,50,4,1,5,16.67
80,Ryan McDonagh,T.B,D,46,1061.0833333333,2,16,7,9,18,45.00,55,3.64,3.08,128,89,39,11,7,3,8,4,4,0,0,6,13,12,60,68,81,0,1,0.00
675,Ryan McLeod,EDM,C,39,455.78333333333,5,6,5,1,11,73.33,41,12.20,3.37,76,55,45,16,2,3,6,3,3,0,0,2,18,21,12,40,14,143,150,48.81
687,Ryan Merkley,S.J,D,17,253.5,1,1,1,0,2,28.57,15,6.67,0.6,43,21,13,2,3,1,2,1,1,0,0,2,13,8,5,11,9,0,0,-
257,Ryan Murray,COL,D,24,340.1,0,4,1,3,4,26.67,17,0.00,0.65,28,20,7,2,1,1,2,1,1,0,0,1,7,4,17,18,30,0,0,-
232,Ryan Nugent-Hopkins,EDM,C,43,871.3,7,30,17,13,37,53.62,112,6.25,10.53,172,134,114,39,5,12,8,4,4,0,0,8,23,34,30,41,21,95,143,39.92
123,Ryan O'Reilly,STL,C,46,889.3,11,21,12,9,32,57.14,105,10.48,12.33,145,128,111,50,7,5,4,2,2,0,0,14,20,36,15,39,24,543,448,54.79
642,Ryan Poehling,MTL,C,37,466.81666666667,5,6,3,3,11,73.33,60,8.33,5.67,91,75,56,28,4,4,4,2,2,0,0,7,15,14,33,30,13,138,173,44.37
369,Ryan Pulock,NYI,D,21,424.08333333333,0,5,2,3,5,26.32,40,0.00,1.62,71,51,14,3,1,3,2,1,1,0,0,1,9,5,40,33,53,0,0,-
40,Ryan Reaves,NYR,R,43,458.98333333333,2,7,3,4,9,69.23,28,7.14,3.07,48,36,33,18,0,5,26,10,8,2,0,7,12,7,181,32,10,0,1,0.00
236,Ryan Strome,NYR,C,46,848.15,10,26,13,13,36,53.73,99,10.10,10.77,162,134,94,45,7,6,51,20,18,1,1,11,18,16,27,40,15,256,309,45.31
5,Ryan Suter,DAL,D,49,1140.7,4,15,3,12,19,35.19,76,5.26,3.7,174,121,51,9,3,5,22,11,11,0,0,3,24,14,27,35,52,0,0,-
388,Sam Bennett,FLA,C,41,707.13333333333,22,9,6,3,31,56.36,138,15.94,16.56,242,175,160,68,6,15,43,20,19,1,0,14,30,21,80,59,15,260,302,46.26
199,Sam Carrick,ANA,C,40,453.86666666667,9,7,2,5,16,94.12,59,15.25,5.51,94,77,48,24,6,2,49,17,12,5,0,14,8,10,69,46,11,108,115,48.43
68,Sam Gagner,DET,C,51,674.86666666667,5,13,9,4,18,64.29,81,6.17,7.09,108,95,52,23,2,9,24,12,12,0,0,4,10,12,13,35,19,100,95,51.28
423,Sam Lafferty,CHI, PIT,C, R,26,321.08333333333,1,2,1,1,3,37.50,36,2.78,3.54,58,47,46,23,0,1,14,4,2,2,0,9,12,6,62,37,12,52,74,41.27
386,Sam Reinhart,FLA,C,48,832.91666666667,18,31,22,9,49,62.82,109,16.51,15.82,191,153,132,73,7,15,11,4,3,1,0,9,27,23,33,106,19,108,114,48.65
545,Sam Steel,ANA,C,44,537.06666666667,6,9,4,5,15,62.50,46,13.04,5.16,82,62,56,25,4,8,10,5,5,0,0,9,15,14,18,54,22,141,141,50.00
516,Sami Niku,MTL,D,13,198.68333333333,0,6,5,1,6,60.00,14,0.00,0.42,27,17,4,1,1,1,2,1,1,0,0,1,5,2,6,20,17,0,0,-
433,Sammy Blais,NYR,L,14,188.41666666667,0,4,3,1,4,50.00,17,0.00,2.02,33,25,21,9,0,0,17,7,6,1,0,7,4,2,37,24,8,2,3,40.00
686,Sampo Ranta,COL,L,10,108.93333333333,0,0,0,0,0,0.00,9,0.00,0.96,20,14,10,5,2,0,2,1,1,0,0,3,1,4,9,18,6,2,2,50.00
566,Samuel Girard,COL,D,48,1046.6333333333,5,21,12,9,26,44.07,61,8.20,2.59,141,87,27,5,1,7,18,9,9,0,0,10,20,18,41,58,71,0,0,-
230,Scott Harrington,CBJ,D,7,100.98333333333,0,1,0,1,1,50.00,5,0.00,0.19,9,7,2,1,0,1,6,3,3,0,0,1,0,2,8,10,9,0,0,-
264,Scott Laughton,PHI,C,48,794.75,10,13,6,7,23,67.65,86,11.63,9.65,153,119,102,57,5,7,25,11,10,1,0,21,27,25,102,49,35,277,288,49.03
222,Scott Mayfield,NYI,D,46,919.96666666667,2,12,6,6,14,40.00,58,3.45,2.85,144,92,43,6,1,10,48,16,13,2,1,4,37,10,60,37,78,0,0,-
702,Scott Perunovich,STL,D,19,293.7,0,6,3,3,6,35.29,14,0.00,0.61,25,17,6,0,0,0,8,4,4,0,0,0,7,6,5,22,12,0,0,-
239,Sean Couturier,PHI,C,29,591.25,6,11,8,3,17,56.67,79,7.59,9.13,136,108,73,34,6,12,14,7,7,0,0,8,17,25,22,30,18,238,190,55.61
663,Sean Durzi,L.A,D,32,563.6,2,12,6,6,14,46.67,47,4.26,2.41,100,59,48,8,13,17,19,8,7,1,0,5,22,13,35,39,45,0,0,-
214,Sean Kuraly,CBJ,C,50,761.5,8,10,2,8,18,45.00,75,10.67,9.04,126,105,69,37,8,4,27,12,11,1,0,5,14,20,141,60,25,375,403,48.20
361,Sean Monahan,CGY,C,49,715.2,8,14,10,4,22,59.46,92,8.70,11.29,159,124,112,52,3,10,18,9,9,0,0,6,24,25,46,34,16,321,289,52.62
662,Sean Walker,L.A,D,6,110.23333333333,0,2,1,1,2,66.67,18,0.00,0.72,32,22,14,2,2,3,4,2,2,0,0,0,1,1,9,7,9,0,0,-
457,Sebastian Aho,CAR,C,47,897.66666666667,22,31,19,12,53,76.81,138,15.94,22.29,256,202,186,96,8,28,24,12,12,0,0,19,33,40,40,57,18,318,297,51.71
660,Sebastian Aho,NYI,D,16,274.81666666667,0,5,1,4,5,45.45,20,0.00,1.1,37,28,12,2,0,3,2,1,1,0,0,2,14,3,13,24,18,0,0,-
743,Seth Jarvis,CAR,C,40,553.08333333333,8,11,7,4,19,55.88,63,12.70,8.33,119,92,73,39,4,12,10,5,5,0,0,7,18,7,37,99,15,9,10,47.37
359,Seth Jones,CHI,D,48,1257.1833333333,3,28,11,17,31,56.36,125,2.40,6.12,226,163,62,21,1,10,24,12,12,0,0,7,41,23,65,99,102,0,0,-
282,Shayne Gostisbehere,ARI,D,50,1098.4333333333,8,22,8,14,30,63.83,96,8.33,5.3,202,140,55,9,3,9,16,8,8,0,0,14,38,28,26,44,69,0,0,-
342,Shea Theodore,VGK,D,47,1093.4,8,26,14,12,34,55.74,119,6.72,7.1,251,159,79,22,3,22,18,9,9,0,0,5,33,42,21,75,50,0,0,-
28,Sidney Crosby,PIT,C,40,796.15,15,32,21,11,47,67.14,120,12.50,13.13,194,160,128,59,4,15,18,9,9,0,0,8,37,15,32,36,18,420,412,50.48
705,Simon Benoit,ANA,D,33,449.55,1,3,1,2,4,26.67,18,5.56,0.95,43,32,8,1,1,2,15,6,5,1,0,1,16,3,108,57,26,0,0,-
274,Slater Koekkoek,EDM,D,19,212.3,0,4,2,2,4,30.77,11,0.00,0.33,26,19,6,2,2,1,16,8,8,0,0,1,1,1,21,24,18,0,0,-
396,Sonny Milano,ANA,L,40,591.91666666667,11,18,14,4,29,64.44,63,17.46,8.09,113,90,76,43,2,6,2,1,1,0,0,4,17,23,16,57,9,0,1,0.00
514,Steven Lorentz,CAR,C,45,513.98333333333,6,4,1,3,10,55.56,50,12.00,6.9,86,70,60,37,1,2,8,4,4,0,0,3,14,21,50,81,9,39,43,47.56
91,Steven Stamkos,T.B,C,48,894.16666666667,23,32,22,10,55,71.43,134,17.16,14.5,228,182,125,44,15,11,14,7,7,0,0,3,10,20,62,48,18,335,330,50.38
32,T.J. Oshie,WSH,R,18,316.28333333333,5,8,4,4,13,81.25,27,18.52,3.45,48,37,33,13,1,3,8,4,4,0,0,7,5,6,36,21,11,26,42,38.24
575,Tage Thompson,BUF,R,47,839.03333333333,20,18,8,10,38,64.41,146,13.70,12.57,272,203,132,38,6,17,13,5,4,1,0,11,24,20,43,31,15,264,373,41.44
595,Tanner Jeannot,NSH,L,51,798.11666666667,17,14,9,5,31,77.50,81,20.99,9.95,122,102,91,55,6,9,87,26,16,9,1,17,19,17,169,78,36,6,10,37.50
495,Tanner Kero,DAL,C,23,219.95,0,3,1,2,3,60.00,14,0.00,1.27,26,18,13,6,1,1,0,0,0,0,0,4,7,6,12,15,9,9,5,64.29
263,Tanner Pearson,VAN,L,48,778.9,9,13,6,7,22,55.00,121,7.44,12.68,172,143,104,49,4,13,30,11,9,2,0,12,9,17,57,58,32,11,19,36.67
190,Taylor Hall,BOS,L,50,814.41666666667,11,25,18,7,36,63.16,131,8.40,11.92,194,155,119,47,4,8,24,12,12,0,0,8,30,20,33,98,26,9,7,56.25
564,Taylor Raddysh,T.B,R,45,504.45,4,6,5,1,10,41.67,53,7.55,6.98,85,76,61,39,6,4,8,3,3,0,0,4,5,12,53,39,14,6,9,40.00
291,Teddy Blueger,PIT,C,40,626.81666666667,8,9,4,5,17,68.00,63,12.70,6.43,89,75,61,27,5,5,6,3,3,0,0,3,15,21,53,51,19,245,202,54.81
272,Teuvo Teravainen,CAR,L,45,810.15,13,27,17,10,40,62.50,127,10.24,11.93,202,167,99,32,3,11,18,9,9,0,0,5,36,18,12,34,22,12,15,44.44
480,Thomas Chabot,OTT,D,46,1232.8166666667,5,22,8,14,27,36.49,133,3.76,7.06,255,177,71,16,3,18,20,10,10,0,0,13,54,25,64,88,74,0,0,-
729,Thomas Harley,DAL,D,12,157.45,0,0,0,0,0,0.00,10,0.00,0.62,26,20,6,4,1,2,2,1,1,0,0,0,5,2,11,14,9,0,0,-
462,Thomas Novak,NSH,C,27,318.43333333333,1,6,2,4,7,70.00,25,4.00,1.95,47,37,32,7,3,1,2,1,1,0,0,3,5,14,4,28,6,62,79,43.97
747,Tim Stützle,OTT,L,49,885.98333333333,12,15,10,5,27,60.00,106,11.32,10.37,183,143,113,36,6,13,27,12,11,1,0,26,28,20,79,79,28,74,135,35.41
452,Timo Meier,S.J,R,45,856.85,23,29,15,14,52,80.00,198,11.62,20.16,342,278,200,82,29,25,18,9,9,0,0,15,33,31,88,70,31,9,12,42.86
639,Timothy Liljegren,TOR,D,34,541.7,1,9,3,6,10,37.04,42,2.38,1.58,84,56,17,4,2,5,6,3,3,0,0,1,20,13,34,73,35,0,0,-
108,TJ Brodie,TOR,D,50,1045.95,4,9,3,6,13,27.66,34,11.76,2.04,91,51,30,9,1,1,22,11,11,0,0,7,37,23,22,86,66,0,0,-
732,Tobias Bjornfot,L.A,D,50,842.21666666667,0,7,3,4,7,25.00,40,0.00,1.81,80,54,34,11,6,6,4,2,2,0,0,5,20,9,35,91,45,0,0,-
270,Tom Wilson,WSH,R,48,926.21666666667,15,19,10,9,34,53.13,94,15.96,13.85,179,146,125,67,8,12,65,20,15,3,2,16,29,19,142,82,33,16,14,53.33
271,Tomas Hertl,S.J,C,50,983.15,22,18,11,7,40,61.54,137,16.06,17.52,234,182,165,101,20,17,14,7,7,0,0,9,21,33,59,66,30,466,399,53.87
384,Tomas Nosek,BOS,L,44,607.8,3,7,4,3,10,50.00,48,6.25,5.47,83,72,55,27,3,4,18,9,9,0,0,2,14,15,44,57,20,221,192,53.51
142,Tomas Tatar,N.J,L,47,697.26666666667,9,11,6,5,20,66.67,80,11.25,10.18,147,113,97,42,12,10,14,7,7,0,0,11,14,15,43,49,14,7,15,31.82
399,Tony DeAngelo,CAR,D,43,838.11666666667,9,31,19,12,40,53.33,93,9.68,3.97,166,114,50,3,2,8,44,11,7,2,2,8,25,11,26,48,40,0,0,-
254,Torey Krug,STL,D,45,951.18333333333,6,22,9,13,28,34.57,79,7.59,4.56,174,119,49,7,2,13,38,19,19,0,0,3,24,13,37,34,45,0,0,-
209,Travis Boyd,ARI,C,42,678.38333333333,10,13,9,4,23,63.89,52,19.23,7.95,90,76,68,48,2,8,20,10,10,0,0,8,13,11,36,62,28,254,300,45.85
450,Travis Dermott,TOR,D,36,520.88333333333,1,3,2,1,4,16.00,30,3.33,1.48,57,39,19,5,1,1,10,5,5,0,0,5,19,4,39,35,23,0,0,-
104,Travis Hamonic,VAN,D,13,241.61666666667,1,1,1,0,2,33.33,25,4.00,1.35,48,31,13,3,0,2,2,1,1,0,0,4,8,1,19,14,35,0,0,-
463,Travis Konecny,PHI,R,49,859.66666666667,8,23,20,3,31,67.39,130,6.15,12.96,236,181,134,49,7,19,36,14,13,0,1,18,14,11,62,77,21,6,7,46.15
397,Travis Sanheim,PHI,D,49,1102.6333333333,4,15,6,9,19,35.85,76,5.26,4.38,152,107,44,16,4,9,18,9,9,0,0,6,29,17,33,86,71,0,0,-
550,Trent Frederic,BOS,C,30,323.61666666667,3,3,3,0,6,66.67,43,6.98,4.44,70,54,47,22,5,12,31,11,8,3,0,8,3,6,57,35,8,34,49,40.96
48,Trevor Lewis,CGY,C,49,623.41666666667,4,8,3,5,12,54.55,64,6.25,6.12,103,86,57,21,2,3,8,4,4,0,0,7,7,10,109,68,25,39,44,46.99
596,Trevor Moore,L.A,C,50,727,8,18,11,7,26,70.27,107,7.48,15.67,179,147,117,68,15,22,8,4,4,0,0,9,11,18,44,79,21,20,24,45.45
377,Trevor van Riemsdyk,WSH,D,47,842.46666666667,1,12,3,9,13,38.24,51,1.96,2.32,101,69,30,6,2,6,31,10,8,1,1,13,14,20,20,57,84,0,0,-
716,Trevor Zegras,ANA,C,47,811.18333333333,13,26,16,10,39,75.00,104,12.50,9.9,186,146,108,34,3,10,34,12,11,0,1,16,41,26,28,57,13,151,217,41.03
577,Troy Stecher,DET,D,9,126.63333333333,1,1,1,0,2,33.33,12,8.33,0.34,23,17,4,0,2,0,9,3,2,1,0,1,8,0,11,15,10,0,0,-
510,Troy Terry,ANA,R,48,829.23333333333,26,18,6,12,44,81.48,109,23.85,13.86,181,152,129,63,7,7,18,9,9,0,0,19,31,22,4,72,13,0,6,0.00
324,Tucker Poolman,VAN,D,39,675.63333333333,1,2,1,1,3,13.64,47,2.13,2.04,104,61,34,8,2,9,12,2,1,0,1,5,14,7,31,40,73,0,0,-
695,Ty Smith,N.J,D,42,743.75,1,12,5,7,13,39.39,45,2.22,2.35,125,73,38,5,7,6,4,2,2,0,0,2,22,11,21,47,45,0,0,-
543,Tyler Benson,EDM,L,23,198.38333333333,1,1,1,0,2,40.00,16,6.25,1.05,30,22,13,4,2,0,6,3,3,0,0,4,5,3,37,29,2,0,1,0.00
353,Tyler Bertuzzi,DET,L,43,856.38333333333,23,21,12,9,44,67.69,111,20.72,14.36,181,147,136,65,0,7,39,14,12,1,1,22,43,28,34,45,23,5,9,35.71
120,Tyler Bozak,STL,C,39,482.63333333333,3,7,4,3,10,83.33,36,8.33,2.86,50,41,30,11,2,3,12,6,6,0,0,3,11,15,15,23,15,146,180,44.79
100,Tyler Ennis,OTT,R,45,573.13333333333,5,14,9,5,19,79.17,79,6.33,7.07,134,109,81,30,1,9,14,7,7,0,0,8,18,13,63,50,19,16,5,76.19
118,Tyler Johnson,CHI,C,8,115.46666666667,1,2,1,1,3,42.86,11,9.09,1.18,20,14,16,7,0,2,10,5,5,0,0,4,0,2,16,6,3,18,13,58.06
322,Tyler Motte,VAN,C,37,515.96666666667,6,7,5,2,13,65.00,64,9.38,6.22,109,90,66,21,4,5,16,8,8,0,0,7,12,23,61,49,36,3,5,37.50
96,Tyler Myers,VAN,D,52,1166.3166666667,0,11,5,6,11,25.00,84,0.00,3.65,170,110,62,11,1,9,48,17,14,2,1,8,37,17,100,83,110,0,0,-
176,Tyler Pitlick,CGY,C,25,292.28333333333,0,2,1,1,2,28.57,19,0.00,1.55,44,33,25,7,0,2,2,1,1,0,0,5,4,7,55,38,16,1,3,25.00
192,Tyler Seguin,DAL,C,49,869.15,16,11,7,4,27,54.00,128,12.50,11.74,202,162,114,53,7,12,24,12,12,0,0,11,34,16,59,23,17,278,210,56.97
169,Tyler Toffoli,CGY, MTL,R,41,700.85,11,17,9,8,28,68.29,109,10.09,11.35,183,146,103,44,9,4,4,2,2,0,0,6,20,16,49,23,15,7,9,43.75
143,Tyson Barrie,EDM,D,44,848.41666666667,3,17,9,8,20,37.74,90,3.33,4.56,190,119,47,5,2,9,14,7,7,0,0,2,23,7,18,59,42,0,0,-
553,Tyson Jost,COL,C,50,667.8,5,8,6,2,13,52.00,70,7.14,6.2,104,81,65,30,2,11,24,12,12,0,0,21,6,26,40,98,26,104,160,39.39
618,Urho Vaakanainen,BOS,D,15,289.31666666667,0,4,2,2,4,30.77,15,0.00,0.49,32,23,7,0,0,0,4,2,2,0,0,1,5,5,10,22,12,0,0,-
365,Valeri Nichushkin,COL,R,34,611.75,13,13,5,8,26,54.17,93,13.98,10.76,134,109,97,53,7,4,8,4,4,0,0,9,11,19,57,39,15,0,5,0.00
733,Vasily Podkolzin,VAN,R,49,601.88333333333,8,5,4,1,13,54.17,67,11.94,5.88,106,89,68,27,0,4,14,7,7,0,0,6,10,17,54,49,20,6,5,54.55
128,Victor Hedman,T.B,D,49,1245.0666666667,11,39,22,17,50,53.19,122,9.02,8.43,265,185,105,23,14,22,20,10,10,0,0,8,35,30,57,65,69,0,0,-
557,Victor Mete,OTT,D,30,443.33333333333,0,6,6,0,6,50.00,20,0.00,0.99,43,33,13,2,2,2,4,2,2,0,0,2,15,5,12,48,29,0,0,-
434,Victor Olofsson,BUF,L,42,667.4,7,17,11,6,24,72.73,88,7.95,7.14,166,117,71,20,8,9,6,3,3,0,0,3,6,14,4,29,11,0,0,-
225,Victor Rask,MIN,C,29,311.23333333333,5,8,3,5,13,65.00,30,16.67,2.46,48,41,31,10,1,4,2,1,1,0,0,1,5,7,9,15,2,83,83,50.00
731,Victor Soderstrom,ARI,D,13,211.98333333333,0,0,0,0,0,0.00,10,0.00,0.49,25,14,8,3,3,1,4,2,2,0,0,2,3,1,9,28,17,0,0,-
422,Viktor Arvidsson,L.A,L,43,748.91666666667,13,19,10,9,32,66.67,162,8.02,17.93,281,230,166,61,14,19,22,11,11,0,0,10,6,11,15,79,35,8,8,50.00
725,Ville Heinola,WPG,D,8,107.11666666667,0,2,1,1,2,50.00,19,0.00,0.91,31,26,11,2,1,0,6,3,3,0,0,1,3,2,5,10,4,0,0,-
449,Vince Dunn,SEA,D,48,965.4,7,13,4,9,20,47.62,76,9.21,4.09,187,114,64,7,5,8,42,18,16,2,0,13,33,16,52,52,48,0,0,-
215,Vincent Trocheck,CAR,C,50,882.81666666667,14,21,9,12,35,53.03,94,14.89,13.93,175,146,122,65,10,10,55,22,20,1,1,14,23,28,117,82,30,431,369,53.88
604,Vinni Lettieri,ANA,C,17,223.4,5,3,1,2,8,66.67,31,16.13,2.44,52,43,27,11,0,3,2,1,1,0,0,1,6,2,26,22,10,4,1,80.00
302,Vinnie Hinostroza,BUF,C,36,508.75,8,9,6,3,17,77.27,54,14.81,5.1,91,74,38,14,3,4,8,4,4,0,0,9,15,10,11,32,7,7,10,41.18
183,Vladimir Tarasenko,STL,R,45,771.8,19,27,18,9,46,74.19,145,13.10,14.5,239,196,154,38,7,14,22,7,6,0,1,9,22,11,49,42,28,4,4,50.00
512,Vladislav Gavrikov,CBJ,D,48,1042.6833333333,2,20,9,11,22,36.67,54,3.70,2.89,113,76,31,7,2,4,28,13,13,0,0,8,21,11,83,58,77,0,0,-
248,Vladislav Namestnikov,DET,C,49,746.08333333333,13,10,6,4,23,74.19,66,19.70,9.68,105,86,70,45,2,6,25,11,10,1,0,12,17,15,31,62,26,7,7,50.00
414,Warren Foegele,EDM,L,50,666.83333333333,7,12,8,4,19,70.37,96,7.29,11.06,160,128,108,48,5,16,14,7,7,0,0,7,17,18,78,56,12,10,13,43.48
87,Wayne Simmonds,TOR,R,48,462.4,4,9,5,4,13,65.00,62,6.45,7.14,97,76,76,44,3,3,47,15,11,3,1,13,11,10,85,54,7,3,3,50.00
500,Will Borgen,SEA,D,16,232.11666666667,1,1,1,0,2,66.67,20,5.00,0.59,39,25,8,0,1,4,15,6,5,1,0,6,8,2,37,28,16,0,0,-
323,Will Butcher,BUF,D,31,521.41666666667,1,4,2,2,5,29.41,30,3.33,1.66,66,50,19,5,4,2,0,0,0,0,0,1,8,1,9,33,29,0,0,-
352,William Carrier,VGK,L,42,465.21666666667,5,9,5,4,14,58.33,57,8.77,8.18,94,82,75,49,2,12,24,8,7,0,1,7,6,15,95,75,15,1,2,33.33
757,William Eklund,S.J,C,9,128.95,0,4,1,3,4,66.67,8,0.00,1.66,15,11,11,7,1,3,2,1,1,0,0,1,8,2,4,9,4,3,5,37.50
229,William Karlsson,VGK,C,36,663.23333333333,7,11,7,4,18,52.94,73,9.59,8.28,123,101,81,43,1,12,4,2,2,0,0,3,19,28,20,47,22,300,296,50.34
419,William Lagesson,EDM,D,22,272.06666666667,0,4,0,4,4,30.77,22,0.00,0.7,44,26,11,2,0,2,11,4,3,1,0,1,10,4,26,50,15,0,0,-
390,William Nylander,TOR,R,50,928.93333333333,19,28,19,9,47,67.14,167,11.38,17.26,292,231,185,71,6,21,12,6,6,0,0,8,17,44,8,49,13,14,11,56.00
492,Yakov Trenin,NSH,C,49,704.31666666667,12,5,2,3,17,62.96,85,14.12,10.7,158,125,101,44,8,7,37,14,11,3,0,14,11,21,113,59,25,5,15,25.00
256,Yanni Gourde,SEA,C,45,843.35,11,18,13,5,29,74.36,75,14.67,8.15,142,106,85,42,9,5,28,11,9,2,0,18,22,34,57,63,17,265,278,48.80
753,Yegor Chinakhov,CBJ,R,41,523.4,6,5,4,1,11,52.38,73,8.22,5.45,131,101,58,18,3,10,14,7,7,0,0,7,13,16,21,25,12,0,4,0.00
704,Yegor Sharangovich,N.J,C,44,682.58333333333,10,14,7,7,24,66.67,88,11.36,9.11,158,122,91,41,15,4,6,3,3,0,0,6,22,21,17,36,15,56,76,42.42
739,Zac Jones,NYR,D,8,113.21666666667,0,1,0,1,1,33.33,5,0.00,0.31,10,8,1,0,0,1,0,0,0,0,0,0,4,7,3,13,10,0,0,-
602,Zach Aston-Reese,PIT,L,44,574.63333333333,1,9,5,4,10,52.63,46,2.17,3.61,79,59,44,24,4,6,20,7,5,2,0,5,6,11,156,68,29,3,2,60.00
93,Zach Bogosian,T.B,D,23,400.55,2,4,1,3,6,46.15,32,6.25,1.24,55,40,18,4,3,3,34,10,7,2,1,2,5,4,60,32,16,0,0,-
188,Zach Hyman,EDM,L,44,837.25,18,15,10,5,33,66.00,114,15.79,16.32,196,157,151,91,1,19,24,12,12,0,0,11,13,17,51,76,14,33,31,51.56
8,Zach Parise,NYI,L,46,670.6,6,13,10,3,19,61.29,75,8.00,9.85,111,99,76,42,2,8,18,9,9,0,0,7,14,14,32,45,29,15,24,38.46
354,Zach Sanford,OTT,L,50,695.5,8,7,5,2,15,53.57,68,11.76,8.27,127,103,82,42,4,8,32,13,11,2,0,13,12,22,102,71,40,4,11,26.67
474,Zach Werenski,CBJ,D,48,1250.4666666667,8,25,12,13,33,42.86,153,5.23,9.17,292,215,95,21,5,14,16,8,8,0,0,5,30,32,24,57,67,0,0,-
667,Zach Whitecloud,VGK,D,31,593.01666666667,6,6,4,2,12,33.33,54,11.11,2.67,115,78,34,6,0,9,10,5,5,0,0,3,13,10,51,78,72,0,0,-
135,Zack Kassian,EDM,R,35,450.16666666667,5,9,7,2,14,58.33,41,12.20,4.6,70,55,47,28,3,4,38,12,9,2,1,5,15,9,95,31,3,2,3,40.00
599,Zack MacEwen,PHI,C,49,467.2,1,3,1,2,4,36.36,47,2.13,4.52,84,73,42,19,1,3,56,19,13,6,0,13,11,15,105,55,22,10,10,50.00
1,Zdeno Chara,NYI,D,43,795.43333333333,0,8,6,2,8,27.59,52,0.00,1.71,108,75,18,0,1,5,68,20,14,4,2,4,32,4,88,26,55,0,0,-
268,Zemgus Girgensons,BUF,L,34,518.83333333333,7,5,5,0,12,57.14,61,11.48,6.03,89,76,57,31,4,4,25,7,5,1,1,5,6,13,49,55,13,109,113,49.10