Name,Team,KPer9,BBPer9,KPerBB,HRPer9,KRate,BBRate,KBBRate,AVG,WHIP,BABIP,LOBRate,ERA-,FIP-,xFIP-,ERA,FIP,E-F,xFIP,SIERA,playerid
Ryan Helsley,STL,15.80,1.32,12.00,0.00,53.3%,4.4%,48.9%,.047,0.29,.105,75.0%,0,5,23,0.00,0.02,-0.02,0.73,0.43,18138
A.J. Minter,ATL,13.75,2.04,6.75,0.00,40.9%,6.1%,34.8%,.148,0.74,.265,78.6%,37,27,66,1.53,0.88,0.65,2.45,1.62,18655
Scott Effross,CHC,11.12,1.06,10.50,0.00,30.9%,2.9%,27.9%,.197,0.88,.289,66.7%,26,29,61,1.06,0.97,0.09,2.28,2.00,18384
Josh Hader,MIL,14.18,3.38,4.20,0.00,43.8%,10.4%,33.3%,.047,0.53,.091,100.0%,0,31,60,0.00,1.06,-1.06,2.21,1.69,14212
Andrew Heaney,LAD,13.94,2.61,5.33,0.00,40.0%,7.5%,32.5%,.111,0.68,.200,87.5%,0,33,57,0.00,1.15,-1.15,2.09,2.02,15423
Sam Hentges,CLE,11.57,1.29,9.00,0.00,35.3%,3.9%,31.4%,.146,0.64,.233,80.0%,35,27,43,1.29,1.16,0.12,1.76,1.33,18548
Kenley Jansen,ATL,11.88,2.16,5.50,0.00,36.1%,6.6%,29.5%,.123,0.66,.200,54.5%,66,34,67,2.70,1.17,1.53,2.50,1.94,3096
Michael King,NYY,12.97,1.40,9.25,0.35,39.4%,4.3%,35.1%,.189,0.82,.308,81.6%,38,27,34,1.40,1.18,0.22,1.43,1.34,19853
Kevin Gausman,TOR,10.26,0.54,19.00,0.18,28.9%,1.5%,27.4%,.253,1.04,.353,71.1%,66,29,58,2.52,1.25,1.27,2.29,2.44,14107
Alex Vesia,LAD,11.81,2.53,4.67,0.00,31.8%,6.8%,25.0%,.171,0.94,.259,70.0%,65,37,73,2.53,1.31,1.22,2.74,2.35,25007
Spencer Strider,ATL,13.29,3.74,3.56,0.00,37.6%,10.6%,27.1%,.184,1.06,.318,73.9%,61,39,71,2.49,1.38,1.11,2.66,2.26,27498
Victor Arano,WSN,11.65,2.12,5.50,0.00,31.4%,5.7%,25.7%,.262,1.24,.395,63.6%,104,39,59,4.24,1.38,2.85,2.20,2.06,15915
Penn Murfee,SEA,11.68,2.19,5.33,0.00,35.6%,6.7%,28.9%,.122,0.65,.200,88.9%,21,36,75,0.73,1.47,-0.74,2.93,2.09,25174
Kyle Nelson,ARI,9.82,1.23,8.00,0.00,30.2%,3.8%,26.4%,.180,0.75,.265,83.3%,30,43,66,1.23,1.52,-0.29,2.47,2.14,20515
Carlos Rodon,SFG,13.03,3.03,4.31,0.23,36.1%,8.4%,27.7%,.213,1.11,.345,68.1%,90,47,69,3.49,1.62,1.88,2.61,2.48,16137
J.P. Feyereisen,TBR,9.47,1.89,5.00,0.00,31.3%,6.3%,25.0%,.067,0.42,.100,100.0%,0,41,83,0.00,1.62,-1.62,3.22,2.53,16610
Jason Adam,TBR,11.57,2.20,5.25,0.00,35.0%,6.7%,28.3%,.074,0.49,.121,70.0%,32,41,76,1.10,1.62,-0.52,2.98,2.05,11861
Joe Mantiply,ARI,7.47,0.57,13.00,0.00,23.2%,1.8%,21.4%,.182,0.70,.238,90.9%,14,46,67,0.57,1.62,-1.05,2.51,2.28,14857
Devin Williams,MIL,17.40,6.60,2.64,0.00,43.3%,16.4%,26.9%,.200,1.47,.423,69.6%,104,45,56,4.20,1.62,2.58,2.09,2.58,15816
John Brebbia,SFG,9.50,2.00,4.75,0.00,27.5%,5.8%,21.7%,.200,0.94,.283,76.5%,52,48,84,2.00,1.65,0.35,3.19,2.68,12777
A.J. Puk,OAK,8.83,1.56,5.67,0.00,26.2%,4.6%,21.5%,.177,0.81,.244,92.9%,15,41,68,0.52,1.65,-1.13,2.69,2.61,19343
Clay Holmes,NYY,8.41,0.89,9.50,0.00,25.7%,2.7%,23.0%,.183,0.74,.250,93.8%,12,40,48,0.44,1.66,-1.22,1.94,0.77,13649
Chris Paddack,MIN,8.06,0.81,10.00,0.00,21.5%,2.2%,19.4%,.278,1.21,.357,64.3%,109,41,79,4.03,1.70,2.33,3.07,3.24,20099
Brooks Raley,TBR,11.32,1.74,6.50,0.00,29.5%,4.5%,25.0%,.200,0.97,.296,66.7%,75,44,57,2.61,1.73,0.88,2.27,2.08,10061
Brock Burke,TEX,12.00,2.14,5.60,0.43,34.6%,6.2%,28.4%,.211,1.00,.319,86.7%,35,43,55,1.29,1.76,-0.47,2.19,2.01,17968
Tanner Rainey,WSN,10.97,3.38,3.25,0.00,27.7%,8.5%,19.1%,.256,1.41,.367,60.0%,83,48,84,3.38,1.78,1.60,3.21,2.95,17610
Taylor Rogers,SDP,10.38,1.56,6.67,0.00,31.3%,4.7%,26.6%,.138,0.63,.211,92.9%,14,51,74,0.52,1.82,-1.30,2.78,2.08,13449
Matt Strahm,BOS,9.42,1.88,5.00,0.00,27.8%,5.6%,22.2%,.140,0.70,.200,63.6%,49,46,87,1.88,1.83,0.05,3.38,2.67,13799
Luis Garcia,SDP,9.42,2.51,3.75,0.00,24.2%,6.5%,17.7%,.241,1.26,.326,50.0%,98,51,72,3.77,1.83,1.93,2.70,2.70,6984
Jose Alvarado,PHI,14.34,5.06,2.83,0.00,33.3%,11.8%,21.6%,.273,1.69,.444,57.9%,167,50,67,6.75,1.87,4.88,2.52,2.56,17780
Phoenix Sanders,TBR,8.10,1.80,4.50,0.00,23.1%,5.1%,17.9%,.216,1.00,.286,80.0%,52,49,88,1.80,1.89,-0.09,3.41,3.11,20541
Dany Jimenez,OAK,9.37,2.76,3.40,0.00,26.2%,7.7%,18.5%,.167,0.92,.233,80.0%,16,49,91,0.55,1.93,-1.38,3.54,3.04,21170
Tarik Skubal,DET,10.07,1.61,6.25,0.40,28.4%,4.5%,23.9%,.232,1.05,.319,74.7%,60,49,65,2.22,1.97,0.25,2.57,2.71,22267
Kendall Graveman,CHW,8.38,2.33,3.60,0.00,22.8%,6.3%,16.5%,.257,1.24,.339,66.7%,76,48,71,2.79,2.00,0.79,2.79,2.52,15514
Trevor Gott,MIL,12.46,1.38,9.00,0.69,35.3%,3.9%,31.4%,.188,0.85,.276,56.6%,68,54,59,2.77,2.01,0.76,2.19,1.71,15046
Freddy Peralta,MIL,12.11,3.03,4.00,0.25,32.4%,8.1%,24.3%,.203,1.09,.310,69.0%,87,55,73,3.53,2.02,1.51,2.75,2.76,18679
Seranthony Dominguez,PHI,11.05,3.68,3.00,0.00,30.5%,10.2%,20.3%,.212,1.16,.324,77.8%,61,55,77,2.45,2.07,0.39,2.92,2.72,19249
Rowan Wick,CHC,11.05,4.30,2.57,0.00,28.6%,11.1%,17.5%,.250,1.43,.368,85.7%,30,56,84,1.23,2.07,-0.84,3.20,3.16,14646
Trevor Stephan,CLE,8.64,2.70,3.20,0.00,24.6%,7.7%,16.9%,.183,0.96,.250,56.3%,73,52,85,2.70,2.07,0.63,3.32,3.16,19932
Cody Stashak,MIN,8.22,0.00,14.00,0.59,22.6%,0.0%,22.6%,.258,1.04,.319,61.6%,111,53,93,4.11,2.11,2.00,3.61,3.27,18088
Alex Lange,DET,10.05,3.14,3.20,0.00,28.6%,8.9%,19.6%,.140,0.84,.206,76.9%,51,53,76,1.88,2.11,-0.23,2.98,2.66,19883
Joe Smith,MIN,6.57,1.46,4.50,0.00,20.0%,4.4%,15.6%,.186,0.81,.235,90.0%,0,53,74,0.00,2.12,-2.12,2.90,2.50,3281
Shohei Ohtani,LAA,12.44,2.11,5.89,0.70,34.0%,5.8%,28.2%,.205,1.02,.300,78.2%,76,52,61,2.82,2.12,0.69,2.41,2.40,19755
David Bednar,PIT,12.15,1.35,9.00,0.90,38.0%,4.2%,33.8%,.132,0.60,.179,100.0%,23,58,60,0.90,2.14,-1.24,2.23,1.61,19569
Dylan Cease,CHW,13.81,3.50,3.94,0.62,36.8%,9.3%,27.5%,.207,1.17,.330,77.4%,85,52,66,3.09,2.15,0.94,2.59,2.52,18525
Erik Swanson,SEA,13.50,0.64,21.00,1.29,39.6%,1.9%,37.7%,.192,0.79,.276,100.0%,37,55,41,1.29,2.16,-0.88,1.69,1.20,16587
Chris Stratton,PIT,8.79,3.14,2.80,0.00,20.6%,7.4%,13.2%,.302,1.67,.388,58.3%,127,59,102,5.02,2.18,2.84,3.92,3.58,13761
Hector Neris,HOU,9.50,1.00,9.50,0.50,28.8%,3.0%,25.8%,.159,0.67,.209,77.6%,56,55,86,2.00,2.20,-0.20,3.33,2.61,11804
Brady Singer,KCR,10.66,0.71,15.00,0.71,30.0%,2.0%,28.0%,.229,0.95,.313,77.6%,76,57,51,2.84,2.22,0.62,2.07,1.83,25377
Collin McHugh,ATL,11.40,2.40,4.75,0.60,30.2%,6.3%,23.8%,.254,1.27,.359,68.2%,103,61,80,4.20,2.22,1.98,3.02,2.56,7531
Clayton Kershaw,LAD,9.60,0.90,10.67,0.60,29.4%,2.8%,26.6%,.181,0.73,.239,84.2%,46,60,65,1.80,2.22,-0.42,2.42,2.42,2036
Bryan Abreu,HOU,13.25,3.06,4.33,0.51,35.1%,8.1%,27.0%,.242,1.25,.385,75.2%,85,57,62,3.06,2.24,0.82,2.45,2.14,16609
Anthony Bass,MIA,9.72,1.62,6.00,0.54,28.1%,4.7%,23.4%,.180,0.84,.238,71.4%,42,62,74,1.62,2.25,-0.63,2.80,2.49,7982
Tyler Kinley,COL,9.42,3.14,3.00,0.00,25.4%,8.5%,16.9%,.189,1.05,.263,75.0%,14,58,87,0.63,2.25,-1.62,3.32,3.05,18297
Jeffrey Springs,TBR,8.31,1.25,6.67,0.42,25.3%,3.8%,21.5%,.184,0.78,.236,83.3%,48,59,77,1.66,2.26,-0.60,3.00,2.88,17677
Adam Ottavino,NYM,14.11,3.68,3.83,0.61,34.8%,9.1%,25.8%,.220,1.30,.343,69.9%,115,63,65,4.30,2.27,2.02,2.42,2.29,1247
Joel Payamps,KCR,7.36,1.96,3.75,0.00,20.3%,5.4%,14.9%,.246,1.15,.315,81.8%,39,58,96,1.47,2.27,-0.80,3.71,3.28,14332
Pablo Lopez,MIA,9.39,2.15,4.36,0.39,27.0%,6.2%,20.8%,.186,0.91,.248,84.2%,41,63,77,1.57,2.29,-0.72,2.90,3.08,17085
Paul Blackburn,OAK,7.23,1.49,4.86,0.21,20.7%,4.3%,16.5%,.223,0.99,.279,81.3%,54,59,73,1.91,2.29,-0.37,2.86,3.22,14739
Trevor Williams,NYM,9.00,1.20,7.50,0.60,22.1%,2.9%,19.1%,.303,1.47,.380,63.1%,112,65,74,4.20,2.36,1.84,2.78,2.94,16977
MacKenzie Gore,SDP,9.93,2.79,3.56,0.31,27.1%,7.6%,19.5%,.241,1.21,.333,83.8%,56,64,81,2.17,2.37,-0.19,3.06,3.20,22201
Corbin Martin,ARI,8.79,3.77,2.33,0.00,22.2%,9.5%,12.7%,.263,1.47,.349,57.1%,108,65,103,4.40,2.39,2.00,3.94,3.73,19884
Martin Perez,TEX,6.93,2.19,3.17,0.00,19.9%,6.3%,13.6%,.209,0.99,.266,74.5%,45,61,93,1.64,2.40,-0.76,3.58,3.63,6902
Julian Merryweather,TOR,9.26,0.77,12.00,0.77,24.5%,2.0%,22.4%,.250,1.11,.314,34.5%,182,61,66,6.94,2.40,4.54,2.60,2.37,16703
Rafael Montero,HOU,9.92,2.20,4.50,0.55,28.6%,6.3%,22.2%,.186,0.92,.250,88.2%,15,61,67,0.55,2.42,-1.87,2.64,2.46,12760
Zac Gallen,ARI,8.92,1.83,4.88,0.23,26.0%,5.3%,20.7%,.146,0.71,.196,88.6%,28,66,92,1.14,2.43,-1.28,3.51,3.13,19291
Evan Phillips,LAD,11.15,2.35,4.75,0.59,32.2%,6.8%,25.4%,.167,0.85,.235,71.4%,76,65,82,2.93,2.44,0.50,3.13,2.37,17734
Emmanuel Clase,CLE,9.39,1.76,5.33,0.59,25.8%,4.8%,21.0%,.203,0.98,.262,51.5%,80,62,58,2.93,2.44,0.50,2.31,2.31,21032
Nestor Cortes,NYY,11.03,2.48,4.45,0.68,32.5%,7.3%,25.2%,.164,0.85,.227,90.6%,37,60,71,1.35,2.44,-1.09,2.78,2.72,17874
Reynaldo Lopez,CHW,6.32,2.30,2.75,0.00,18.3%,6.7%,11.7%,.232,1.09,.289,52.9%,110,60,105,4.02,2.45,1.57,4.04,3.89,16400
Chris Martin,CHC,10.66,2.13,5.00,0.71,28.3%,5.7%,22.6%,.320,1.50,.441,85.2%,70,66,62,2.84,2.46,0.38,2.31,1.97,11847
Daniel Hudson,LAD,10.66,2.13,5.00,0.71,29.4%,5.9%,23.5%,.188,0.95,.250,66.0%,73,66,62,2.84,2.46,0.38,2.31,2.10,7146
Kyle Wright,ATL,10.71,2.79,3.85,0.43,29.2%,7.6%,21.6%,.213,1.10,.301,73.6%,68,67,79,2.79,2.47,0.32,2.97,2.98,19665
Giovanny Gallegos,STL,10.43,2.45,4.25,0.61,28.8%,6.8%,22.0%,.236,1.16,.324,64.1%,96,68,84,3.68,2.48,1.21,3.20,2.71,14986
Keegan Akin,BAL,7.33,1.67,4.40,0.33,22.0%,5.0%,17.0%,.168,0.78,.208,86.7%,36,59,78,1.33,2.50,-1.16,3.04,2.84,19362
Zach Jackson,OAK,12.05,5.79,2.08,0.00,32.9%,15.8%,17.1%,.175,1.23,.289,70.8%,82,65,89,2.89,2.50,0.39,3.47,3.41,19493
Cody Poteet,MIA,7.71,3.43,2.25,0.00,23.1%,10.3%,12.8%,.143,0.86,.192,94.4%,11,69,92,0.43,2.52,-2.09,3.51,3.51,18769
Dennis Santana,TEX,4.91,1.64,3.00,0.00,15.0%,5.0%,10.0%,.158,0.73,.188,50.0%,67,65,99,2.45,2.54,-0.09,3.80,3.71,17878
Matt Foster,CHW,9.18,2.16,4.25,0.54,25.8%,6.1%,19.7%,.210,1.02,.273,76.9%,74,63,82,2.70,2.55,0.15,3.18,2.91,19647
Aaron Loup,LAA,9.18,1.08,8.50,0.54,26.2%,3.1%,23.1%,.131,0.60,.163,47.2%,44,63,75,1.62,2.55,-0.93,2.93,2.33,10343
Tim Mayza,TOR,9.00,1.38,6.50,0.69,25.5%,3.9%,21.6%,.224,1.00,.286,86.2%,54,65,46,2.08,2.55,-0.47,1.87,1.55,15042
David Robertson,CHC,13.15,4.15,3.17,0.69,38.8%,12.2%,26.5%,.070,0.69,.087,92.1%,34,68,70,1.38,2.55,-1.17,2.62,2.35,8241
Zach Eflin,PHI,6.90,1.50,4.60,0.30,18.4%,4.0%,14.4%,.261,1.20,.316,59.0%,96,67,95,3.90,2.59,1.31,3.64,3.76,13774
Luis Cessa,CIN,6.46,2.35,2.75,0.00,18.0%,6.6%,11.5%,.232,1.11,.289,66.7%,84,68,102,3.52,2.63,0.89,3.90,3.59,13345
Craig Kimbrel,LAD,12.27,3.27,3.75,0.82,31.3%,8.3%,22.9%,.250,1.36,.357,80.9%,84,70,66,3.27,2.64,0.64,2.46,2.30,6655
Josh Staumont,KCR,12.64,4.02,3.14,0.57,31.9%,10.1%,21.7%,.230,1.34,.342,77.7%,92,68,88,3.45,2.64,0.80,3.41,2.89,18335
Zack Wheeler,PHI,9.54,2.33,4.10,0.47,25.9%,6.3%,19.6%,.234,1.14,.314,72.4%,86,69,86,3.49,2.65,0.84,3.27,3.25,10310
Corey Knebel,PHI,7.88,3.38,2.33,0.00,21.2%,9.1%,12.1%,.220,1.19,.289,65.0%,83,69,112,3.38,2.65,0.72,4.30,3.83,15010
Alex Cobb,SFG,11.22,3.16,3.56,0.70,28.1%,7.9%,20.2%,.286,1.52,.394,49.7%,145,74,63,5.61,2.66,2.95,2.35,2.54,6562
Shane McClanahan,TBR,12.63,1.94,6.50,1.17,36.7%,5.6%,31.1%,.181,0.86,.253,85.9%,67,71,46,2.33,2.68,-0.35,1.86,1.98,21483
Sam Moll,OAK,11.68,5.84,2.00,0.00,32.0%,16.0%,16.0%,.122,1.05,.200,92.9%,21,70,87,0.73,2.68,-1.95,3.36,3.43,14874
Joe Musgrove,SDP,9.40,1.20,7.83,0.80,26.7%,3.4%,23.3%,.214,0.93,.274,75.5%,57,73,77,2.20,2.69,-0.49,2.89,2.88,12970
Jimmy Herget,LAA,8.61,0.78,11.00,0.78,24.2%,2.2%,22.0%,.227,0.96,.281,69.3%,85,67,69,3.13,2.70,0.43,2.71,2.61,17556
Drew Rasmussen,TBR,7.91,1.86,4.25,0.47,22.4%,5.3%,17.1%,.189,0.91,.234,78.3%,67,72,82,2.33,2.70,-0.37,3.18,3.34,25385
Bryan Baker,BAL,9.77,2.30,4.25,0.57,25.8%,6.1%,19.7%,.279,1.34,.372,63.1%,123,65,70,4.60,2.71,1.89,2.76,2.80,19804
Jason Foley,DET,1.69,0.00,2.00,0.00,4.9%,0.0%,4.9%,.268,1.03,.282,63.6%,91,69,104,3.38,2.71,0.66,4.01,3.87,19531
Max Fried,ATL,8.63,1.10,7.83,0.73,23.7%,3.0%,20.7%,.237,1.04,.295,71.7%,81,73,71,3.31,2.72,0.58,2.68,2.91,13743
Matt Moore,TEX,10.71,6.05,1.77,0.00,26.7%,15.1%,11.6%,.205,1.45,.300,82.1%,51,70,99,1.86,2.73,-0.87,3.80,3.84,1890
Jeff Hoffman,CIN,8.69,2.75,3.17,0.46,24.1%,7.6%,16.5%,.219,1.12,.283,82.5%,43,70,112,1.83,2.73,-0.90,4.33,3.62,17432
Michael Kopech,CHW,8.49,4.37,1.94,0.00,24.1%,12.4%,11.7%,.134,0.94,.186,76.5%,42,68,121,1.54,2.75,-1.20,4.61,4.44,17282
Patrick Sandoval,LAA,8.45,4.36,1.94,0.00,22.1%,11.4%,10.7%,.211,1.27,.283,79.1%,52,69,102,1.91,2.76,-0.85,3.93,4.20,19447
Nabil Crismatt,SDP,7.84,3.92,2.00,0.00,22.0%,11.0%,11.0%,.153,0.97,.204,85.7%,34,75,96,1.31,2.80,-1.49,3.67,3.60,17732
Caleb Thielbar,MIN,11.93,4.40,2.71,0.63,31.1%,11.5%,19.7%,.222,1.33,.324,51.1%,170,72,94,6.28,2.81,3.47,3.64,3.06,10078
Miles Mikolas,STL,6.70,1.68,4.00,0.37,18.7%,4.7%,14.0%,.214,0.99,.257,84.7%,44,77,96,1.68,2.82,-1.14,3.66,3.78,9803
Chad Green,NYY,9.60,3.00,3.20,0.60,25.8%,8.1%,17.7%,.228,1.20,.300,72.3%,82,71,104,3.00,2.82,0.18,3.99,3.43,15552
Andrew Bellatti,PHI,13.50,4.76,2.83,0.79,34.7%,12.2%,22.4%,.209,1.32,.320,80.9%,59,73,80,2.38,2.82,-0.44,3.02,2.76,10657
Chasen Shreve,NYM,12.83,2.03,6.33,1.35,38.0%,6.0%,32.0%,.191,0.90,.269,76.1%,90,78,53,3.38,2.86,0.51,1.95,1.68,10855
Jorge Lopez,BAL,9.47,5.68,1.67,0.00,25.0%,15.0%,10.0%,.147,1.16,.208,77.3%,38,69,101,1.42,2.88,-1.46,3.90,3.99,14527
Logan Gilbert,SEA,10.20,3.20,3.19,0.60,28.0%,8.8%,19.2%,.207,1.11,.282,79.5%,68,76,85,2.40,2.89,-0.49,3.32,3.34,22250
Will Vest,DET,11.65,2.12,5.50,1.06,36.7%,6.7%,30.0%,.127,0.65,.161,87.0%,57,74,62,2.12,2.91,-0.80,2.44,1.86,19769
Max Scherzer,NYM,10.69,1.99,5.36,0.91,30.6%,5.7%,24.9%,.202,0.95,.272,81.8%,68,80,83,2.54,2.93,-0.39,3.16,2.79,3137
Jarlin Garcia,SFG,6.75,4.05,1.67,0.00,20.4%,12.2%,8.2%,.093,0.75,.121,80.0%,0,82,119,0.00,2.94,-2.94,4.60,4.33,18282
David Phelps,TOR,8.56,5.27,1.63,0.00,24.5%,15.1%,9.4%,.156,1.10,.219,73.3%,69,76,103,2.63,2.94,-0.31,3.96,4.18,6316
Mike Clevinger,SDP,9.64,3.21,3.00,0.64,25.4%,8.5%,16.9%,.204,1.14,.263,68.5%,84,79,92,3.21,2.95,0.27,3.50,3.54,12808
Merrill Kelly,ARI,8.18,3.07,2.67,0.41,21.7%,8.2%,13.6%,.244,1.27,.310,75.6%,80,79,96,3.27,2.95,0.32,3.69,3.90,11156
Tyler Rogers,SFG,5.40,2.16,2.50,0.00,14.7%,5.9%,8.8%,.242,1.14,.288,66.7%,98,82,108,3.78,2.97,0.81,4.13,3.75,15541
Carlos Carrasco,NYM,7.68,1.54,5.00,0.66,21.1%,4.2%,16.9%,.248,1.12,.303,70.8%,100,81,91,3.73,2.99,0.74,3.46,3.56,6632
Jackson Stephens,ATL,9.75,3.00,3.25,0.75,25.0%,7.7%,17.3%,.229,1.25,.294,66.2%,37,80,75,1.50,3.01,-1.51,2.85,2.91,14420
Brad Boxberger,MIL,7.30,1.46,5.00,0.73,22.2%,4.4%,17.8%,.186,0.81,.219,69.8%,72,79,87,2.92,3.01,-0.09,3.30,3.14,10133
Wandy Peralta,NYY,5.54,3.46,1.60,0.00,16.0%,10.0%,6.0%,.178,1.00,.216,84.6%,38,76,109,1.38,3.01,-1.63,4.19,4.21,14295
Camilo Doval,SFG,11.88,4.86,2.44,0.54,30.6%,12.5%,18.1%,.194,1.26,.282,77.7%,70,84,79,2.70,3.03,-0.33,3.00,2.99,21992
Adam Cimber,TOR,6.88,1.59,4.33,0.53,20.3%,4.7%,15.6%,.183,0.82,.217,66.2%,55,78,97,2.12,3.03,-0.91,3.73,3.37,15288
Edwin Diaz,NYM,16.94,4.24,4.00,1.59,47.8%,11.9%,35.8%,.169,1.06,.292,100.0%,57,82,43,2.12,3.03,-0.91,1.55,1.60,14710
Justin Verlander,HOU,8.08,1.77,4.56,0.79,25.3%,5.6%,19.8%,.145,0.68,.168,94.7%,38,80,87,1.38,3.09,-1.71,3.38,3.28,8700
James Norwood,PHI,9.95,3.55,2.80,0.71,25.9%,9.3%,16.7%,.224,1.26,.294,34.2%,175,79,97,7.11,3.09,4.02,3.71,3.32,16440
Justin Steele,CHC,9.32,4.82,1.93,0.32,22.7%,11.7%,10.9%,.257,1.57,.337,63.4%,111,82,101,4.50,3.09,1.41,3.86,4.18,17312
Brett Martin,TEX,8.79,3.14,2.80,0.63,22.2%,7.9%,14.3%,.259,1.40,.326,64.5%,121,79,83,4.40,3.09,1.31,3.25,3.15,17369
Cristian Javier,HOU,11.20,2.87,3.90,0.86,31.5%,8.1%,23.4%,.198,1.02,.275,81.2%,80,80,86,2.87,3.09,-0.22,3.35,2.86,17606
Justin Lawrence,COL,12.15,7.43,1.64,0.00,29.0%,17.7%,11.3%,.240,1.73,.375,79.2%,74,78,97,3.38,3.09,0.29,3.71,3.98,17639
Dillon Tate,BAL,6.20,1.33,4.67,0.44,17.7%,3.8%,13.9%,.203,0.89,.237,69.9%,59,75,86,2.21,3.09,-0.88,3.34,2.95,17796
Logan Webb,SFG,6.33,2.42,2.62,0.37,17.0%,6.5%,10.5%,.258,1.26,.307,72.6%,91,86,93,3.54,3.09,0.45,3.56,3.73,17995
Dillon Peters,PIT,6.64,4.43,1.50,0.00,19.5%,13.0%,6.5%,.134,0.93,.173,52.6%,101,82,114,3.98,3.09,0.89,4.39,4.63,18790
Alek Manoah,TOR,8.36,1.93,4.33,0.64,23.8%,5.5%,18.3%,.185,0.88,.229,84.2%,45,80,96,1.71,3.09,-1.38,3.71,3.46,26410
Louis Head,MIA,7.71,4.50,1.71,0.00,20.0%,11.7%,8.3%,.212,1.29,.275,89.5%,34,84,119,1.29,3.09,-1.80,4.57,4.27,13259
Jake Woodford,STL,6.23,4.15,1.50,0.00,17.0%,11.3%,5.7%,.234,1.31,.289,76.5%,54,84,119,2.08,3.09,-1.01,4.58,4.50,18674
Eli Morgan,CLE,10.69,1.69,6.33,1.13,32.2%,5.1%,27.1%,.145,0.69,.176,65.2%,91,80,73,3.38,3.09,0.29,2.85,2.25,20203
Framber Valdez,HOU,7.47,3.64,2.05,0.19,19.7%,9.6%,10.1%,.227,1.26,.287,77.6%,75,80,82,2.68,3.11,-0.43,3.19,3.35,17295
Connor Overton,CIN,3.65,2.55,1.43,0.00,11.2%,7.9%,3.4%,.183,0.89,.208,77.3%,43,79,119,1.82,3.13,-1.31,4.59,5.19,18376
Gerrit Cole,NYY,10.51,2.47,4.25,1.03,28.5%,6.7%,21.8%,.211,1.08,.273,82.9%,79,79,73,2.89,3.14,-0.25,2.85,2.99,13125
Liam Hendriks,CHW,13.75,2.45,5.60,1.47,34.6%,6.2%,28.4%,.267,1.36,.386,73.4%,108,79,62,3.93,3.14,0.78,2.45,2.03,3548
Adrian Houser,MIL,7.68,4.21,1.82,0.25,19.6%,10.8%,8.9%,.227,1.35,.284,63.0%,79,83,102,3.22,3.14,0.08,3.89,4.33,12718
Walker Buehler,LAD,7.52,2.31,3.25,0.58,20.1%,6.2%,13.9%,.250,1.22,.304,80.3%,74,83,96,2.89,3.15,-0.26,3.68,3.81,19374
Rony Garcia,DET,10.93,1.93,5.67,1.29,33.3%,5.9%,27.5%,.146,0.71,.172,83.3%,70,81,71,2.57,3.16,-0.59,2.79,2.16,20430
Justin Grimm,OAK,6.92,4.15,1.67,0.00,17.2%,10.3%,6.9%,.275,1.54,.341,71.4%,98,83,125,3.46,3.17,0.29,4.77,4.43,11720
Wade Miley,CHC,6.30,4.50,1.40,0.00,17.5%,12.5%,5.0%,.171,1.10,.214,72.7%,67,84,101,2.70,3.19,-0.49,3.88,4.27,8779
Cole Sulser,MIA,9.00,3.94,2.29,0.56,25.4%,11.1%,14.3%,.214,1.19,.282,68.2%,74,87,86,2.81,3.21,-0.40,3.27,3.41,15256
Joely Rodriguez,NYM,11.37,4.97,2.29,0.71,31.4%,13.7%,17.6%,.159,1.11,.222,55.6%,114,88,87,4.26,3.25,1.02,3.32,3.26,11487
Zack Greinke,KCR,3.68,0.82,4.50,0.41,9.8%,2.2%,7.7%,.277,1.20,.299,69.0%,93,86,118,3.48,3.27,0.21,4.51,4.79,1943
Andres Machado,WSN,6.55,4.09,1.60,0.00,17.4%,10.9%,6.5%,.200,1.18,.250,64.3%,60,85,117,2.45,3.27,-0.82,4.53,4.33,14681
Lucas Luetge,NYY,11.70,3.60,3.25,0.90,27.1%,8.3%,18.8%,.279,1.60,.379,57.7%,172,83,98,6.30,3.29,3.01,3.79,3.02,8337
Hoby Milner,MIL,7.07,2.57,2.75,0.64,20.0%,7.3%,12.7%,.196,1.00,.231,55.6%,95,87,101,3.86,3.30,0.55,3.86,3.69,13346
Tylor Megill,NYM,9.61,2.34,4.11,1.04,25.7%,6.3%,19.4%,.224,1.13,.280,66.9%,118,90,82,4.41,3.32,1.09,3.10,3.23,21318
Craig Stammen,SDP,9.00,0.00,13.00,1.38,25.0%,0.0%,25.0%,.235,0.92,.278,68.6%,72,89,75,2.77,3.32,-0.55,2.81,2.39,7274
Paul Sewald,SEA,9.24,0.71,13.00,1.42,29.5%,2.3%,27.3%,.116,0.47,.107,62.5%,81,88,72,2.84,3.33,-0.48,2.81,2.18,13892
Eric Lauer,MIL,11.66,1.73,6.75,1.51,32.9%,4.9%,28.0%,.200,0.94,.255,92.7%,53,87,70,2.16,3.33,-1.17,2.61,2.47,19316
Danny Coulombe,MIN,6.75,5.25,1.29,0.00,18.8%,14.6%,4.2%,.122,1.00,.156,83.3%,20,86,130,0.75,3.34,-2.59,4.96,4.86,13293
Tyler Mahle,CIN,9.21,4.19,2.20,0.63,23.7%,10.8%,12.9%,.229,1.35,.294,57.6%,124,85,111,5.23,3.35,1.89,4.28,4.15,16358
Trent Thornton,TOR,5.87,4.70,1.25,0.00,15.6%,12.5%,3.1%,.214,1.30,.261,70.0%,92,87,140,3.52,3.35,0.17,5.34,5.24,17948
Wil Crowe,PIT,9.00,4.30,2.09,0.39,24.0%,11.5%,12.5%,.181,1.13,.237,71.4%,69,88,108,2.74,3.35,-0.61,4.17,3.78,19800
David Peterson,NYM,7.58,3.79,2.00,0.47,21.1%,10.5%,10.5%,.191,1.11,.235,81.6%,51,90,102,1.89,3.35,-1.46,3.91,4.03,20302
Taylor Clarke,KCR,6.75,0.00,11.00,1.23,18.0%,0.0%,18.0%,.262,1.09,.292,68.2%,65,88,92,2.45,3.36,-0.91,3.57,3.35,17611
Jesse Chavez,- - -,8.79,1.26,7.00,1.26,23.3%,3.3%,20.0%,.328,1.47,.405,71.4%,108,89,82,4.40,3.37,1.03,3.10,3.02,5448
Jalen Beeks,TBR,9.17,2.55,3.60,1.02,27.7%,7.7%,20.0%,.167,0.85,.200,98.4%,44,91,72,1.53,3.37,-1.84,2.84,2.62,17192
Frankie Montas,OAK,9.73,2.39,4.08,1.10,27.2%,6.7%,20.5%,.204,1.02,.254,70.4%,104,89,77,3.67,3.38,0.30,3.00,3.09,14309
Justin Bruihl,LAD,6.97,0.87,8.00,0.87,21.1%,2.6%,18.4%,.194,0.77,.222,65.8%,67,89,98,2.61,3.38,-0.77,3.73,3.33,23779
Jose Quintana,PIT,7.30,3.41,2.14,0.49,20.1%,9.4%,10.7%,.194,1.08,.235,83.8%,55,89,102,2.19,3.39,-1.20,3.92,4.17,11423
Corbin Burnes,MIL,10.80,1.39,7.75,1.39,31.5%,4.1%,27.4%,.189,0.83,.235,92.2%,56,89,70,2.26,3.40,-1.13,2.62,2.43,19361
Jake Odorizzi,HOU,5.97,3.41,1.75,0.28,16.4%,9.4%,7.0%,.217,1.17,.258,62.8%,87,88,124,3.13,3.41,-0.28,4.75,4.85,6397
Jon Gray,TEX,9.41,3.27,2.88,0.82,24.5%,8.5%,16.0%,.247,1.32,.317,58.8%,157,88,85,5.73,3.41,2.32,3.30,3.51,14916
Joe Ryan,MIN,8.60,2.87,3.00,0.72,24.2%,8.1%,16.1%,.179,0.96,.221,83.3%,65,88,113,2.39,3.41,-1.02,4.32,3.90,21390
Andres Munoz,SEA,15.43,3.86,4.00,1.54,38.5%,9.6%,28.8%,.261,1.46,.417,85.5%,110,91,57,3.86,3.43,0.42,2.27,2.04,20373
Triston McKenzie,CLE,8.42,2.72,3.09,0.74,24.1%,7.8%,16.3%,.189,0.96,.233,76.9%,81,90,110,2.97,3.45,-0.48,4.21,3.82,18000
Yu Darvish,SDP,7.24,2.15,3.36,0.78,19.6%,5.8%,13.8%,.233,1.13,.274,70.2%,102,92,105,3.91,3.46,0.45,4.02,3.98,13074
Garrett Whitlock,BOS,11.22,3.03,3.70,1.21,31.1%,8.4%,22.7%,.167,0.94,.209,85.5%,63,90,80,2.43,3.46,-1.03,3.11,2.85,20191
Jaime Barria,LAA,7.00,1.00,7.00,1.00,20.0%,2.9%,17.1%,.194,0.83,.216,90.9%,41,88,90,1.50,3.48,-1.98,3.50,3.31,18356
Kyle Gibson,PHI,7.74,2.72,2.85,0.84,20.8%,7.3%,13.5%,.242,1.23,.290,69.6%,98,89,90,3.98,3.49,0.49,3.44,3.72,10123
Noah Syndergaard,LAA,6.60,2.40,2.75,0.60,17.1%,6.2%,10.9%,.244,1.23,.284,69.1%,97,88,109,3.60,3.49,0.11,4.19,4.17,11762
Kodi Whitley,STL,9.00,5.40,1.67,0.00,22.7%,13.6%,9.1%,.194,1.30,.269,66.7%,117,94,119,4.50,3.49,1.01,4.60,4.13,19731
Amir Garrett,KCR,10.22,7.30,1.40,0.00,28.6%,20.4%,8.2%,.079,1.05,.125,64.3%,97,92,127,3.65,3.50,0.15,4.84,4.68,14375
Aaron Ashby,MIL,10.80,5.40,2.00,0.64,27.6%,13.8%,13.8%,.210,1.38,.290,69.9%,86,92,90,3.49,3.51,-0.02,3.43,3.52,23550
Tony Gonsolin,LAD,8.18,4.09,2.00,0.55,22.7%,11.4%,11.4%,.164,1.03,.202,87.0%,42,92,105,1.64,3.51,-1.88,4.03,4.19,19388
Aaron Nola,PHI,10.53,1.72,6.11,1.34,29.7%,4.9%,24.9%,.215,0.98,.273,74.6%,90,90,73,3.64,3.52,0.12,2.73,2.61,16149
Griffin Jax,MIN,10.31,3.44,3.00,0.98,28.0%,9.3%,18.7%,.239,1.25,.318,84.9%,80,91,85,2.95,3.53,-0.58,3.32,3.00,20253
Keegan Thompson,CHC,7.59,2.81,2.70,0.56,22.0%,8.1%,13.8%,.211,1.03,.263,93.6%,35,92,101,1.41,3.53,-2.12,3.88,3.49,19795
Jordan Romano,TOR,9.77,2.87,3.40,1.15,26.6%,7.8%,18.8%,.220,1.15,.275,78.9%,75,92,82,2.87,3.54,-0.66,3.20,3.00,16122
Jameson Taillon,NYY,6.81,1.01,6.75,1.01,17.9%,2.6%,15.2%,.269,1.21,.307,81.2%,90,90,99,3.28,3.54,-0.26,3.83,3.79,11674
Austin Davis,BOS,10.70,3.57,3.00,1.02,28.8%,9.6%,19.2%,.200,1.13,.262,93.4%,53,93,94,2.04,3.54,-1.50,3.64,3.11,17117
Collin Snider,KCR,7.04,3.52,2.00,0.59,19.4%,9.7%,9.7%,.286,1.43,.349,68.0%,125,93,88,4.70,3.55,1.15,3.42,3.48,23307
Bailey Ober,MIN,7.32,2.29,3.20,0.92,19.3%,6.0%,13.3%,.244,1.22,.283,75.5%,74,92,119,2.75,3.55,-0.80,4.55,4.55,21224
Jhoan Duran,MIN,13.50,1.40,9.67,1.86,39.2%,4.1%,35.1%,.174,0.78,.222,96.5%,76,92,42,2.79,3.56,-0.76,1.73,1.29,21029
Anthony Misiewicz,SEA,5.91,1.69,3.50,0.84,16.7%,4.8%,11.9%,.275,1.22,.313,69.0%,120,94,108,4.22,3.56,0.66,4.16,3.88,18152
Dominic Leone,SFG,9.24,1.42,6.50,1.42,24.1%,3.7%,20.4%,.308,1.42,.378,85.5%,73,98,86,2.84,3.56,-0.72,3.26,2.82,13763
Devin Smeltzer,MIN,1.74,2.61,0.67,0.00,5.1%,7.7%,-2.6%,.222,1.06,.235,81.8%,47,92,129,1.74,3.57,-1.83,4.92,5.48,19487
Bruce Zimmermann,BAL,7.40,2.18,3.40,0.87,20.0%,5.9%,14.1%,.266,1.26,.317,72.3%,93,87,101,3.48,3.57,-0.09,3.89,3.93,20370
Phillips Valdez,BOS,9.58,3.48,2.75,0.00,24.4%,8.9%,15.6%,.167,0.97,.240,53.3%,158,93,118,6.10,3.57,2.52,4.51,3.21,15605
Hirokazu Sawamura,BOS,8.03,3.65,2.20,0.73,21.6%,9.8%,11.8%,.239,1.30,.294,68.5%,95,94,94,3.65,3.58,0.07,3.65,3.67,27515
Daniel Bard,COL,12.56,3.14,4.00,1.26,32.8%,8.2%,24.6%,.185,1.05,.250,70.4%,83,89,80,3.77,3.58,0.19,3.02,2.39,7115
Scott Barlow,KCR,7.85,2.45,3.20,0.98,23.5%,7.4%,16.2%,.175,0.87,.200,90.9%,39,94,95,1.47,3.58,-2.11,3.67,3.28,14993
Shane Bieber,CLE,8.38,2.79,3.00,0.93,22.1%,7.4%,14.7%,.247,1.27,.300,74.3%,101,93,96,3.72,3.58,0.14,3.71,3.80,19427
Robert Gsellman,CHC,6.30,1.80,3.50,0.90,17.1%,4.9%,12.2%,.282,1.30,.323,60.3%,133,94,106,5.40,3.59,1.81,4.09,3.78,13696
Paolo Espino,WSN,6.62,1.53,4.33,1.02,17.3%,4.0%,13.3%,.292,1.36,.333,84.9%,75,93,108,3.06,3.60,-0.54,4.17,3.84,8246
Steven Okert,MIA,13.11,5.40,2.43,0.77,35.4%,14.6%,20.8%,.128,1.03,.190,87.3%,60,97,90,2.31,3.60,-1.29,3.44,2.99,13580
Tanner Houck,BOS,8.51,3.82,2.23,0.59,23.0%,10.3%,12.7%,.218,1.21,.278,64.5%,122,94,100,4.70,3.61,1.08,3.85,3.80,19879
Alex Wood,SFG,9.17,2.62,3.50,1.05,23.5%,6.7%,16.8%,.277,1.40,.347,76.6%,102,99,78,3.93,3.61,0.32,2.95,3.24,13781
Jakob Junis,SFG,6.75,1.35,5.00,1.01,19.2%,3.8%,15.4%,.232,1.01,.263,84.0%,70,99,93,2.70,3.61,-0.91,3.56,3.47,13619
John King,TEX,7.41,3.71,2.00,0.53,18.9%,9.5%,9.5%,.242,1.35,.294,84.1%,73,94,97,2.65,3.62,-0.97,3.75,3.46,22051
Yimi Garcia,TOR,6.00,1.80,3.33,0.60,16.4%,4.9%,11.5%,.214,1.00,.244,64.1%,94,94,108,3.60,3.62,-0.02,4.14,3.65,12095
Oliver Ortega,LAA,5.95,3.66,1.63,0.46,17.6%,10.8%,6.8%,.197,1.07,.231,86.7%,49,92,101,1.83,3.65,-1.82,3.90,3.99,21025
Drew Smith,NYM,10.19,4.08,2.50,1.02,29.4%,11.8%,17.6%,.150,0.96,.184,98.6%,41,98,104,1.53,3.66,-2.13,3.99,3.46,17755
Alexis Diaz,CIN,10.70,5.60,1.91,0.51,28.4%,14.9%,13.5%,.131,1.08,.179,96.9%,24,92,116,1.02,3.66,-2.64,4.49,3.80,21132
Alex Colome,COL,5.11,5.11,1.00,0.00,11.5%,11.5%,0.0%,.352,2.11,.404,61.5%,96,91,129,4.38,3.66,0.72,5.01,4.64,6661
Sean Manaea,SDP,10.10,2.94,3.44,1.29,27.6%,8.0%,19.6%,.213,1.12,.264,70.8%,105,98,89,4.04,3.68,0.36,3.41,3.31,15873
Jordan Montgomery,NYY,7.14,1.79,4.00,0.89,19.3%,4.8%,14.5%,.240,1.12,.280,78.3%,92,94,96,3.35,3.68,-0.34,3.70,3.69,16511
Gabe Speier,KCR,6.08,0.00,9.00,1.35,18.4%,0.0%,18.4%,.224,0.83,.237,85.4%,72,97,85,2.70,3.69,-0.99,3.30,3.07,17170
Cionel Perez,BAL,9.26,3.86,2.40,0.77,25.5%,10.6%,14.9%,.293,1.46,.393,100.0%,21,90,88,0.77,3.69,-2.92,3.41,3.25,19614
Corey Kluber,TBR,8.83,1.51,5.83,1.26,23.5%,4.0%,19.5%,.264,1.21,.320,74.4%,123,100,88,4.29,3.71,0.58,3.40,3.29,2429
Jesus Luzardo,MIA,12.72,4.97,2.56,1.24,34.5%,13.4%,21.0%,.175,1.17,.241,70.4%,105,100,81,4.03,3.71,0.32,3.06,3.28,19959
Brandon Woodruff,MIL,11.50,3.21,3.58,1.34,28.9%,8.1%,20.8%,.252,1.37,.333,61.0%,132,97,89,5.35,3.71,1.63,3.39,3.17,16162
Kyle Finnegan,WSN,10.05,3.14,3.20,1.26,28.1%,8.8%,19.3%,.212,1.12,.265,60.6%,93,96,66,3.77,3.72,0.05,2.48,2.33,15009
Nick Pivetta,BOS,8.65,2.95,2.93,1.05,23.6%,8.0%,15.5%,.220,1.15,.265,69.8%,110,98,95,4.22,3.75,0.47,3.68,3.77,15454
Daulton Jefferies,OAK,6.41,1.83,3.50,0.92,16.3%,4.7%,11.6%,.284,1.37,.323,59.5%,162,100,109,5.72,3.75,1.97,4.19,4.14,19345
Rich Hill,BOS,6.90,2.40,2.88,0.90,18.3%,6.3%,11.9%,.256,1.27,.297,71.8%,101,98,115,3.90,3.76,0.14,4.40,4.30,4806
George Kirby,SEA,6.60,1.20,5.50,1.20,17.7%,3.2%,14.5%,.250,1.13,.277,63.4%,103,100,98,3.60,3.76,-0.16,3.78,3.86,25436
Anthony DeSclafani,SFG,8.78,1.35,6.50,1.35,20.6%,3.2%,17.5%,.367,1.80,.444,72.1%,157,103,99,6.08,3.76,2.31,3.79,3.58,13050
Brad Hand,PHI,11.32,6.97,1.63,0.00,26.5%,16.3%,10.2%,.184,1.45,.280,83.3%,43,96,135,1.74,3.77,-2.03,5.24,4.23,9111
Adam Kolarek,OAK,4.30,3.68,1.17,0.00,11.5%,9.8%,1.6%,.245,1.30,.283,76.2%,87,100,113,3.07,3.77,-0.70,4.34,3.70,10843
Dane Dunning,TEX,8.86,3.30,2.69,1.03,23.5%,8.7%,14.8%,.223,1.21,.271,74.5%,107,98,84,3.92,3.78,0.14,3.27,3.56,19409
Erasmo Ramirez,WSN,6.75,0.56,12.00,1.13,18.2%,1.5%,16.7%,.238,1.00,.265,78.9%,55,98,91,2.25,3.78,-1.53,3.45,3.12,10314
Ian Kennedy,ARI,7.27,4.67,1.56,0.52,17.7%,11.4%,6.3%,.243,1.50,.291,77.2%,76,100,128,3.12,3.78,-0.67,4.95,4.68,6986
Chris Bassitt,NYM,9.06,2.40,3.77,1.11,24.5%,6.5%,18.0%,.220,1.09,.268,86.7%,74,102,97,2.77,3.79,-1.01,3.70,3.43,12304
Ross Stripling,TOR,7.46,2.49,3.00,1.07,19.1%,6.4%,12.7%,.252,1.30,.291,66.0%,121,99,94,4.62,3.80,0.82,3.63,3.67,13273
Adam Wainwright,STL,6.89,3.45,2.00,0.77,19.0%,9.5%,9.5%,.222,1.19,.260,81.3%,75,103,106,2.87,3.81,-0.94,4.06,4.30,2233
Lucas Giolito,CHW,12.51,3.13,4.00,1.71,34.6%,8.7%,26.0%,.241,1.23,.333,94.8%,78,96,67,2.84,3.82,-0.97,2.62,2.65,15474
Miguel Castro,NYY,8.76,6.57,1.33,0.00,21.4%,16.1%,5.4%,.178,1.38,.242,73.7%,80,97,127,2.92,3.82,-0.90,4.83,4.66,15684
Aroldis Chapman,NYY,9.88,5.93,1.67,0.66,24.2%,14.5%,9.7%,.208,1.46,.270,86.0%,72,97,117,2.63,3.82,-1.19,4.49,4.19,10233
Michael Rucker,CHC,9.00,3.00,3.00,1.20,24.6%,8.2%,16.4%,.232,1.20,.282,72.4%,104,100,89,4.20,3.82,0.38,3.38,3.04,19454
Seth Lugo,NYM,9.00,3.00,3.00,1.20,23.1%,7.7%,15.4%,.267,1.40,.326,71.4%,128,102,91,4.80,3.82,0.98,3.48,3.31,12447
Zach Logue,OAK,7.13,2.55,2.80,1.02,18.9%,6.8%,12.2%,.232,1.19,.264,93.4%,58,102,123,2.04,3.83,-1.79,4.71,4.57,20231
Joe Jimenez,DET,9.20,3.07,3.00,1.23,25.0%,8.3%,16.7%,.200,1.09,.237,75.8%,100,100,100,3.68,3.84,-0.16,3.86,3.34,15761
Drew Steckenrider,SEA,6.23,3.46,1.80,0.69,15.0%,8.3%,6.7%,.309,1.69,.356,72.8%,138,103,114,4.85,3.86,0.99,4.35,4.42,18806
Sonny Gray,MIN,10.89,3.92,2.78,1.31,28.7%,10.3%,18.4%,.218,1.26,.280,82.6%,95,100,82,3.48,3.86,-0.38,3.18,3.36,12768
Jordan Lyles,BAL,7.83,2.74,2.86,0.98,20.1%,7.0%,13.1%,.275,1.39,.328,71.7%,110,95,99,4.11,3.87,0.24,3.82,3.91,7593
Nick Nelson,PHI,6.64,4.43,1.50,0.44,17.2%,11.5%,5.7%,.237,1.38,.283,79.7%,76,99,128,3.10,3.88,-0.78,4.94,4.64,20153
Sandy Alcantara,MIA,7.46,3.55,2.10,0.71,20.9%,10.0%,10.9%,.203,1.11,.244,80.9%,65,104,104,2.49,3.88,-1.39,3.97,4.08,18684
Luis Severino,NYY,9.87,2.86,3.45,1.30,26.0%,7.5%,18.5%,.226,1.18,.278,77.8%,99,99,90,3.63,3.90,-0.26,3.50,3.39,15890
Tony Santillan,CIN,10.95,3.65,3.00,0.73,26.3%,8.8%,17.5%,.271,1.46,.375,68.0%,139,98,109,5.84,3.90,1.94,4.20,3.18,19926
Kyle Freeland,COL,7.17,2.74,2.62,0.84,17.4%,6.7%,10.8%,.303,1.57,.357,65.7%,107,97,105,4.85,3.91,0.94,4.02,4.10,16256
Dylan Bundy,MIN,8.04,2.25,3.57,1.29,20.8%,5.8%,15.0%,.265,1.32,.310,66.9%,140,101,95,5.14,3.91,1.23,3.69,3.74,12917
Joe Barlow,TEX,10.13,2.70,3.75,1.35,28.8%,7.7%,21.2%,.149,0.83,.167,97.8%,37,102,94,1.35,3.91,-2.56,3.63,2.94,22296
Chad Kuhl,COL,7.23,3.13,2.31,0.96,19.4%,8.4%,11.0%,.218,1.18,.250,70.3%,85,97,103,3.86,3.92,-0.06,3.94,4.19,14975
Neil Pallante,STL,5.60,4.08,1.38,0.51,14.3%,10.4%,3.9%,.261,1.47,.298,97.6%,27,106,104,1.02,3.94,-2.92,3.99,3.84,26108
Tyler Anderson,LAD,8.58,1.26,6.80,1.51,23.3%,3.4%,19.9%,.245,1.09,.283,76.7%,104,103,99,4.04,3.96,0.08,3.79,3.41,12880
Ryne Stanek,HOU,7.36,4.91,1.50,0.61,21.1%,14.0%,7.0%,.143,1.02,.167,95.6%,34,104,120,1.23,3.98,-2.75,4.60,4.49,15947
Luis Castillo,CIN,6.89,2.30,3.00,1.15,18.8%,6.3%,12.5%,.233,1.15,.261,65.8%,109,100,91,4.60,3.98,0.61,3.47,3.73,15689
Alex Faedo,DET,6.89,2.30,3.00,1.15,18.8%,6.3%,12.5%,.267,1.28,.304,87.2%,78,103,102,2.87,3.98,-1.11,3.92,4.10,19874
Cal Quantrill,CLE,5.44,3.27,1.67,0.65,15.1%,9.0%,6.0%,.227,1.19,.254,69.9%,94,105,123,3.48,3.98,-0.50,4.68,4.93,19312
Eduardo Rodriguez,DET,7.85,3.92,2.00,0.92,20.1%,10.1%,10.1%,.230,1.33,.272,56.0%,119,104,113,4.38,3.99,0.40,4.32,4.42,13164
Clarke Schmidt,NYY,7.36,3.27,2.25,0.82,20.9%,9.3%,11.6%,.158,0.91,.179,93.8%,22,102,110,0.82,4.00,-3.18,4.20,3.76,19899
Brusdar Graterol,LAD,7.71,5.14,1.50,0.64,19.7%,13.1%,6.6%,.208,1.36,.250,62.5%,116,105,101,4.50,4.02,0.48,3.88,3.88,20367
Luis Garcia,HOU,9.80,2.87,3.42,1.43,26.6%,7.8%,18.8%,.199,1.06,.234,73.6%,93,105,98,3.35,4.02,-0.67,3.79,3.43,23735
Zach Davies,ARI,6.86,3.43,2.00,0.92,18.3%,9.1%,9.1%,.228,1.25,.261,62.2%,107,107,107,4.35,4.03,0.32,4.12,4.40,13183
Marcus Stroman,CHC,8.04,2.01,4.00,1.44,21.9%,5.5%,16.4%,.240,1.15,.273,55.2%,121,105,88,4.88,4.05,0.84,3.34,3.54,13431
Tanner Scott,MIA,14.36,6.32,2.27,1.15,35.7%,15.7%,20.0%,.175,1.34,.267,79.2%,90,109,84,3.45,4.05,-0.60,3.18,3.13,17586
Brad Keller,KCR,5.15,1.85,2.78,1.03,14.6%,5.3%,9.4%,.216,1.01,.227,75.7%,77,107,102,2.89,4.05,-1.17,3.93,4.20,15734
Michael Fulmer,DET,6.46,4.70,1.38,0.59,17.5%,12.7%,4.8%,.200,1.24,.233,73.9%,95,106,127,3.52,4.07,-0.55,4.85,4.78,13218
Wily Peralta,DET,8.27,6.06,1.36,0.55,22.4%,16.4%,6.0%,.196,1.35,.250,92.2%,30,106,112,1.10,4.07,-2.97,4.29,4.58,7738
Noe Ramirez,ARI,7.79,3.12,2.50,1.04,22.4%,9.0%,13.4%,.200,1.04,.233,67.9%,89,108,106,3.63,4.07,-0.44,4.09,3.65,12800
Robbie Ray,SEA,9.55,3.29,2.90,1.32,25.8%,8.9%,16.9%,.222,1.19,.270,68.1%,136,109,97,4.77,4.08,0.70,3.75,3.64,11486
Taijuan Walker,NYM,4.70,2.74,1.71,0.78,12.8%,7.4%,5.3%,.241,1.22,.260,71.4%,94,109,114,3.52,4.09,-0.57,4.41,4.81,11836
Colin Poche,TBR,7.50,1.50,5.00,1.50,23.8%,4.8%,19.0%,.125,0.58,.107,100.0%,43,111,98,1.50,4.09,-2.59,3.77,3.33,19403
Jose Ruiz,CHW,11.57,5.14,2.25,1.29,30.5%,13.6%,16.9%,.216,1.36,.290,86.4%,88,104,91,3.21,4.09,-0.88,3.52,3.32,14552
Diego Castillo,SEA,8.31,5.54,1.50,0.69,18.2%,12.1%,6.1%,.345,2.15,.422,48.9%,256,109,117,9.00,4.09,4.91,4.48,4.51,17496
Bennett Sousa,CHW,6.23,3.46,1.80,0.69,17.0%,9.4%,7.5%,.191,1.08,.216,73.5%,95,104,131,3.46,4.09,-0.63,5.01,4.39,21345
Antonio Senzatela,COL,3.34,2.43,1.38,0.61,8.0%,5.8%,2.2%,.375,1.89,.400,70.1%,100,102,121,4.55,4.13,0.42,4.66,5.17,15488
Steve Cishek,WSN,11.93,3.77,3.17,1.26,27.1%,8.6%,18.6%,.279,1.60,.375,73.3%,139,106,86,5.65,4.14,1.51,3.29,2.98,6483
Ryan Yarbrough,TBR,7.20,4.20,1.71,0.60,16.9%,9.9%,7.0%,.290,1.67,.347,74.2%,121,113,137,4.20,4.16,0.04,5.23,4.75,16502
JT Brubaker,PIT,10.75,4.75,2.26,1.25,26.5%,11.7%,14.8%,.225,1.42,.287,55.6%,139,109,105,5.50,4.17,1.33,4.02,3.88,17578
Nick Wittgren,STL,4.30,3.68,1.17,0.00,10.1%,8.7%,1.4%,.288,1.57,.327,74.1%,112,112,144,4.30,4.18,0.11,5.60,4.98,15594
Casey Mize,DET,3.60,1.80,2.00,0.90,8.9%,4.4%,4.4%,.302,1.50,.316,66.2%,146,109,142,5.40,4.19,1.21,5.38,5.41,20492
Matt Barnes,BOS,7.11,4.26,1.67,0.71,17.2%,10.3%,6.9%,.275,1.58,.325,40.8%,185,111,132,7.11,4.19,2.91,5.03,4.42,12863
Patrick Corbin,WSN,8.38,4.42,1.89,0.93,19.8%,10.4%,9.3%,.286,1.68,.347,60.3%,154,108,114,6.28,4.20,2.08,4.40,4.44,9323
Michael Lorenzen,LAA,6.11,2.80,2.18,1.02,17.3%,7.9%,9.4%,.220,1.10,.242,75.6%,96,108,108,3.57,4.22,-0.66,4.16,4.24,14843
Bryse Wilson,PIT,7.33,4.00,1.83,1.00,17.7%,9.7%,8.1%,.277,1.59,.322,56.7%,143,111,110,5.67,4.24,1.43,4.23,4.34,19990
Steven Matz,STL,10.61,1.93,5.50,1.93,26.8%,4.9%,22.0%,.284,1.39,.350,67.0%,157,114,76,6.03,4.24,1.79,2.87,3.02,13361
Sammy Long,SFG,6.97,4.35,1.60,0.87,18.6%,11.6%,7.0%,.211,1.26,.241,77.6%,90,116,123,3.48,4.25,-0.77,4.74,4.58,25379
Aaron Bummer,CHW,12.27,6.55,1.88,0.82,28.3%,15.1%,13.2%,.256,1.73,.370,66.3%,134,108,96,4.91,4.27,0.64,3.72,3.59,16258
Ranger Suarez,PHI,7.55,3.43,2.20,1.14,19.0%,8.6%,10.3%,.266,1.45,.308,74.5%,102,109,103,4.12,4.28,-0.17,3.97,4.14,17277
Josh Fleming,TBR,8.35,4.42,1.89,0.98,18.3%,9.7%,8.6%,.325,1.96,.391,40.9%,183,117,100,6.38,4.29,2.09,3.85,3.68,20418
Michael Wacha,BOS,6.46,4.11,1.57,0.88,18.3%,11.7%,6.7%,.160,1.01,.173,93.3%,46,113,117,1.76,4.30,-2.54,4.47,4.80,14078
Drew Hutchison,DET,8.62,6.89,1.25,0.57,20.8%,16.7%,4.2%,.200,1.53,.250,66.4%,125,112,138,4.60,4.30,0.29,5.24,4.95,10732
Daniel Lynch,KCR,8.29,4.01,2.07,1.07,20.8%,10.1%,10.7%,.235,1.37,.278,75.5%,107,114,125,4.01,4.31,-0.30,4.78,4.41,21537
Tyler Wells,BAL,6.34,1.65,3.83,1.38,17.0%,4.4%,12.6%,.258,1.19,.280,72.7%,118,106,116,4.41,4.31,0.09,4.45,4.26,20000
Josh Winder,MIN,7.06,2.76,2.56,1.23,18.9%,7.4%,11.5%,.241,1.23,.271,73.2%,100,112,107,3.68,4.32,-0.64,4.10,4.04,24606
Phil Bickford,LAD,7.62,2.08,3.67,1.38,21.6%,5.9%,15.7%,.255,1.15,.294,83.3%,89,112,100,3.46,4.32,-0.86,3.81,3.30,18519
Charlie Morton,ATL,8.33,4.28,1.95,0.90,20.7%,10.6%,10.1%,.252,1.45,.307,69.7%,121,114,121,4.95,4.34,0.61,4.67,4.45,4676
Jake McGee,SFG,5.23,3.48,1.50,0.87,11.8%,7.8%,3.9%,.340,1.94,.375,43.0%,248,119,152,9.58,4.35,5.23,5.91,5.43,7550
Tyler Duffey,MIN,8.22,1.76,4.67,1.76,23.0%,4.9%,18.0%,.276,1.24,.317,81.1%,111,115,63,4.11,4.39,-0.29,2.48,2.64,13758
Matt Wisler,TBR,6.53,2.61,2.50,1.31,17.6%,7.1%,10.6%,.215,1.11,.230,58.5%,75,120,124,2.61,4.40,-1.78,4.72,4.52,12804
Jordan Hicks,STL,9.12,5.26,1.73,0.70,24.1%,13.9%,10.2%,.182,1.21,.233,72.3%,110,118,114,4.21,4.41,-0.21,4.37,4.24,19618
Buck Farmer,CIN,12.75,5.25,2.43,1.50,28.8%,11.9%,16.9%,.294,1.83,.406,64.4%,160,110,92,6.75,4.42,2.33,3.53,3.27,14814
Brent Suter,MIL,6.75,5.25,1.29,0.75,17.0%,13.2%,3.8%,.261,1.58,.306,73.9%,93,114,117,3.75,4.42,-0.67,4.49,4.74,13942
Paul Fry,BAL,9.00,5.25,1.71,0.75,22.2%,13.0%,9.3%,.200,1.33,.250,54.2%,160,109,99,6.00,4.42,1.58,3.80,3.51,15832
Austin Gomber,COL,7.38,3.00,2.46,1.38,20.5%,8.3%,12.2%,.245,1.23,.276,68.2%,96,110,97,4.38,4.45,-0.06,3.73,4.01,16561
Kyle Bradish,BAL,9.28,2.53,3.67,1.69,25.3%,6.9%,18.4%,.288,1.36,.352,69.7%,135,109,89,5.06,4.45,0.61,3.44,3.40,24586
Julio Urias,LAD,6.80,1.76,3.88,1.54,18.9%,4.9%,14.0%,.226,1.05,.239,76.0%,68,115,107,2.63,4.46,-1.82,4.13,4.04,14765
Humberto Castellanos,ARI,6.56,2.27,2.89,1.26,17.4%,6.0%,11.4%,.241,1.18,.264,71.1%,105,118,114,4.29,4.46,-0.17,4.39,4.24,21183
Austin Voth,WSN,9.00,2.81,3.20,1.69,20.3%,6.3%,13.9%,.378,2.06,.455,59.0%,207,114,100,8.44,4.46,3.97,3.85,3.53,15047
Drew Smyly,CHC,6.88,1.85,3.71,1.59,17.8%,4.8%,13.0%,.288,1.38,.318,80.3%,98,116,97,3.97,4.47,-0.50,3.73,3.81,11760
Jeurys Familia,PHI,9.22,4.61,2.00,1.32,23.3%,11.7%,11.7%,.264,1.54,.324,76.9%,97,113,104,3.95,4.48,-0.53,4.00,3.73,5114
Erick Fedde,WSN,8.17,4.76,1.71,1.13,20.7%,12.1%,8.6%,.242,1.46,.286,76.5%,100,115,111,4.08,4.50,-0.42,4.26,4.54,17425
Yusei Kikuchi,TOR,9.28,5.63,1.65,1.13,24.3%,14.7%,9.6%,.181,1.28,.215,73.4%,88,119,111,3.38,4.53,-1.15,4.25,4.50,20633
Hyun-Jin Ryu,TOR,5.50,1.50,3.67,1.50,14.5%,3.9%,10.5%,.288,1.33,.305,60.6%,157,119,104,6.00,4.53,1.47,3.98,4.25,14444
Cole Irvin,OAK,5.86,2.28,2.57,1.30,15.9%,6.2%,9.7%,.238,1.16,.253,87.6%,83,122,108,2.93,4.54,-1.61,4.16,4.26,19244
Raisel Iglesias,LAA,11.20,2.63,4.25,1.98,31.5%,7.4%,24.1%,.184,0.95,.207,61.2%,125,116,91,4.61,4.55,0.06,3.53,2.61,17130
Madison Bumgarner,ARI,5.35,3.57,1.50,1.02,14.3%,9.5%,4.8%,.211,1.19,.222,82.4%,56,120,132,2.29,4.56,-2.27,5.13,5.19,5524
Ty Blach,COL,6.16,2.37,2.60,1.42,16.7%,6.4%,10.3%,.247,1.21,.263,58.5%,125,113,111,5.68,4.56,1.12,4.26,3.99,14361
Nick Lodolo,CIN,11.66,3.07,3.80,1.84,27.5%,7.2%,20.3%,.290,1.57,.375,76.9%,131,114,81,5.52,4.59,0.93,3.06,3.07,26378
Bailey Falter,PHI,5.25,1.50,3.50,1.50,14.0%,4.0%,10.0%,.271,1.25,.282,82.0%,93,116,117,3.75,4.59,-0.84,4.50,4.43,20070
Mitch Keller,PIT,7.64,3.57,2.14,1.27,18.6%,8.7%,9.9%,.283,1.56,.327,64.0%,161,119,115,6.37,4.59,1.78,4.44,4.30,17594
Ashton Goudeau,COL,6.43,3.21,2.00,1.29,15.6%,7.8%,7.8%,.322,1.71,.362,51.9%,155,113,124,7.07,4.59,2.48,4.81,4.39,15139
Joey Krehbiel,BAL,5.94,3.78,1.57,1.08,16.4%,10.4%,6.0%,.200,1.14,.213,61.7%,86,113,109,3.24,4.59,-1.35,4.19,4.09,13707
Felix Bautista,BAL,10.13,3.94,2.57,1.69,27.7%,10.8%,16.9%,.224,1.25,.270,94.9%,75,113,103,2.81,4.59,-1.78,3.97,3.46,20666
Reid Detmers,LAA,6.23,2.60,2.40,1.30,17.9%,7.5%,10.4%,.172,0.89,.172,65.4%,112,118,114,4.15,4.62,-0.46,4.38,4.37,27468
Steven Wilson,SDP,10.20,3.00,3.40,1.80,27.4%,8.1%,19.4%,.214,1.13,.250,79.7%,109,121,99,4.20,4.62,-0.42,3.78,3.10,20353
Ian Anderson,ATL,6.25,4.50,1.39,1.00,16.2%,11.7%,4.5%,.221,1.33,.243,75.5%,92,122,120,3.75,4.65,-0.90,4.63,4.96,19951
Nick Martinez,SDP,9.35,3.89,2.40,1.56,25.0%,10.4%,14.6%,.242,1.33,.291,82.9%,101,122,96,3.89,4.65,-0.75,3.68,3.76,12730
Ryan Tepera,LAA,6.75,4.67,1.44,1.04,18.8%,13.0%,5.8%,.167,1.10,.178,55.6%,126,119,124,4.67,4.65,0.03,4.75,4.68,10291
Zach Thompson,PIT,6.89,4.02,1.71,1.15,16.9%,9.9%,7.0%,.252,1.47,.283,60.4%,123,121,118,4.88,4.65,0.23,4.54,4.68,16094
Jose Urquidy,HOU,5.35,1.07,5.00,1.60,13.5%,2.7%,10.8%,.322,1.49,.342,77.5%,134,123,124,4.81,4.66,0.15,4.74,4.65,18413
Mark Melancon,ARI,3.38,3.38,1.00,0.68,7.8%,7.8%,0.0%,.345,1.88,.365,48.8%,182,123,135,7.43,4.66,2.76,5.25,4.93,4264
Kirby Snead,OAK,6.35,5.56,1.14,0.79,13.6%,11.9%,1.7%,.385,2.38,.442,62.5%,247,126,154,8.74,4.68,4.06,5.85,5.32,19179
Trevor Rogers,MIA,8.42,3.72,2.27,1.49,20.9%,9.2%,11.7%,.272,1.51,.318,69.3%,136,125,107,5.20,4.69,0.52,4.10,4.19,22286
Blake Taylor,HOU,3.95,4.61,0.86,0.66,9.8%,11.5%,-1.6%,.222,1.39,.234,79.5%,92,124,141,3.29,4.70,-1.41,5.37,5.51,16418
Andrew Kittredge,TBR,6.50,0.50,13.00,2.00,19.7%,1.5%,18.2%,.200,0.78,.188,95.2%,86,129,93,3.00,4.70,-1.70,3.58,3.17,12828
Jose Berrios,TOR,6.15,2.85,2.15,1.32,15.3%,7.1%,8.2%,.286,1.49,.313,75.1%,126,124,124,4.83,4.72,0.11,4.75,4.75,14168
German Marquez,COL,7.58,2.61,2.91,1.66,18.9%,6.5%,12.4%,.299,1.53,.339,58.9%,135,117,93,6.16,4.75,1.41,3.56,3.77,15038
Hansel Robles,BOS,6.28,3.77,1.67,1.26,17.2%,10.3%,6.9%,.173,1.05,.175,65.6%,65,126,120,2.51,4.76,-2.25,4.59,4.45,11801
Robert Suarez,SDP,10.47,4.41,2.38,1.65,29.2%,12.3%,16.9%,.161,1.04,.176,72.5%,100,126,96,3.86,4.80,-0.95,3.69,3.30,30115
Domingo Acevedo,OAK,8.20,1.93,4.25,1.93,22.4%,5.3%,17.1%,.254,1.18,.280,86.2%,109,131,98,3.86,4.86,-1.00,3.78,3.31,17092
Chase De Jong,PIT,5.52,3.07,1.80,1.23,15.0%,8.3%,6.7%,.148,0.89,.140,80.4%,46,126,140,1.84,4.86,-3.02,5.45,4.89,15036
Dakota Hudson,STL,4.95,4.28,1.16,0.90,13.1%,11.3%,1.8%,.238,1.35,.256,77.4%,94,130,123,3.60,4.86,-1.26,4.74,5.01,19206
Michael Pineda,DET,4.84,1.61,3.00,1.61,13.6%,4.5%,9.1%,.238,1.07,.235,87.0%,87,128,120,3.22,4.88,-1.66,4.60,4.68,5372
Chris Flexen,SEA,6.64,2.75,2.42,1.60,17.6%,7.3%,10.3%,.257,1.30,.276,78.2%,124,132,118,4.35,4.92,-0.57,4.51,4.45,13896
Aaron Civale,CLE,8.71,2.61,3.33,1.74,20.8%,6.3%,14.6%,.290,1.52,.337,46.9%,212,131,116,7.84,4.93,2.91,4.42,3.99,19479
Anthony Gose,CLE,12.19,5.23,2.33,1.74,31.1%,13.3%,17.8%,.211,1.35,.273,65.6%,142,131,112,5.23,4.93,0.30,4.29,3.45,5097
Gregory Soto,DET,8.74,6.35,1.38,0.79,21.6%,15.7%,5.9%,.244,1.59,.310,75.3%,86,130,145,3.18,4.94,-1.77,5.51,4.68,19677
Tanner Banks,CHW,6.50,3.50,1.86,1.50,17.6%,9.5%,8.1%,.209,1.17,.216,65.5%,82,127,111,3.00,4.98,-1.98,4.28,4.19,16990
Zach Plesac,CLE,5.35,2.79,1.92,1.40,13.8%,7.2%,6.6%,.261,1.34,.274,68.0%,120,133,126,4.42,5.00,-0.58,4.81,4.87,19979
Taylor Hearn,TEX,9.40,4.85,1.94,1.52,22.5%,11.6%,10.9%,.283,1.69,.345,75.6%,150,132,107,5.46,5.01,0.45,4.13,4.29,18325
Garrett Richards,TEX,9.49,5.11,1.86,1.46,25.0%,13.5%,11.5%,.227,1.38,.276,65.8%,160,133,112,5.84,5.04,0.80,4.28,4.00,9784
Dallas Keuchel,CHW,5.54,5.19,1.07,1.04,12.5%,11.7%,0.8%,.319,1.96,.351,64.1%,152,130,126,5.54,5.09,0.45,4.82,5.06,9434
Jake Diekman,BOS,12.83,7.43,1.73,1.35,31.7%,18.3%,13.3%,.191,1.50,.269,88.5%,70,136,112,2.70,5.11,-2.41,4.31,3.95,5003
Jake Lemoine,OAK,7.15,3.97,1.80,1.59,17.6%,9.8%,7.8%,.239,1.41,.257,60.6%,157,138,122,5.56,5.12,0.44,4.66,4.31,19785
Josiah Gray,WSN,9.55,3.74,2.56,1.87,25.3%,9.9%,15.4%,.230,1.27,.264,81.5%,107,131,110,4.36,5.12,-0.76,4.24,4.01,24580
Chase Silseth,LAA,8.71,3.48,2.50,1.74,23.3%,9.3%,14.0%,.184,1.06,.192,97.8%,71,132,92,2.61,5.12,-2.51,3.54,3.68,30074
James Kaprielian,OAK,8.00,5.00,1.60,1.50,21.1%,13.2%,7.9%,.197,1.28,.213,74.5%,127,139,118,4.50,5.15,-0.65,4.52,4.70,18331
Tyler Beede,- - -,3.86,5.40,0.71,0.77,8.9%,12.5%,-3.6%,.306,1.89,.326,82.5%,100,139,149,3.86,5.15,-1.29,5.81,5.78,16981
Kutter Crawford,BOS,11.81,6.75,1.75,1.69,25.5%,14.5%,10.9%,.319,2.16,.419,59.4%,219,137,129,8.44,5.15,3.29,4.92,4.18,20531
Jandel Gustave,MIL,10.38,3.46,3.00,2.08,25.0%,8.3%,16.7%,.241,1.38,.278,74.3%,137,133,104,5.54,5.17,0.37,3.98,3.25,14665
Jhoulys Chacin,COL,7.79,4.67,1.67,1.56,19.7%,11.8%,7.9%,.239,1.44,.265,38.5%,183,127,109,8.31,5.17,3.14,4.20,4.21,2608
Daniel Norris,CHC,12.00,4.50,2.67,2.25,33.3%,12.5%,20.8%,.167,1.08,.174,56.8%,148,133,81,6.00,5.17,0.83,3.08,2.93,13475
Mychal Givens,CHC,12.91,4.11,3.14,2.35,32.8%,10.4%,22.4%,.237,1.37,.303,97.6%,87,134,83,3.52,5.18,-1.65,3.14,2.67,10430
Sean Reid-Foley,NYM,7.20,6.30,1.14,0.90,18.2%,15.9%,2.3%,.194,1.40,.222,66.2%,144,137,150,5.40,5.19,0.21,5.83,5.19,17034
Mark Leiter,CHC,8.76,5.11,1.71,1.46,21.8%,12.7%,9.1%,.255,1.54,.303,64.0%,162,134,112,6.57,5.20,1.37,4.33,4.37,15551
Jacob Barnes,DET,4.80,1.80,2.67,1.80,13.3%,5.0%,8.3%,.228,1.07,.217,76.3%,114,137,112,4.20,5.22,-1.02,4.29,4.16,12323
Aaron Sanchez,WSN,4.76,2.38,2.00,1.59,11.9%,5.9%,5.9%,.340,1.68,.359,53.9%,195,134,116,7.94,5.25,2.69,4.49,4.64,11490
Anthony Bender,MIA,8.36,3.21,2.60,1.93,21.3%,8.2%,13.1%,.309,1.57,.359,85.1%,118,141,92,4.50,5.30,-0.80,3.51,3.26,19742
Matt Bush,TEX,11.93,2.51,4.75,2.51,28.8%,6.1%,22.7%,.233,1.26,.270,76.4%,121,140,83,4.40,5.32,-0.93,3.24,2.65,1246
Tyler Danish,BOS,9.00,1.50,6.00,2.25,23.5%,3.9%,19.6%,.234,1.08,.250,64.8%,136,142,80,5.25,5.34,-0.09,3.13,2.68,15126
Ronald Bolanos,KCR,6.19,5.63,1.10,1.13,15.5%,14.1%,1.4%,.250,1.56,.277,90.5%,75,145,133,2.81,5.40,-2.59,5.08,4.94,20041
Cristopher Sanchez,PHI,8.76,4.38,2.00,1.46,21.8%,10.9%,10.9%,.217,1.30,.250,67.9%,144,137,116,5.84,5.44,0.40,4.46,3.72,20778
Vince Velasquez,CHW,7.71,3.58,2.15,1.93,19.0%,8.8%,10.2%,.271,1.50,.296,69.7%,158,140,122,5.79,5.45,0.34,4.66,4.48,11189
Hunter Strickland,CIN,6.89,8.04,0.86,0.57,15.6%,18.2%,-2.6%,.262,1.91,.313,71.9%,136,135,164,5.74,5.45,0.29,6.39,5.84,7836
Joan Adon,WSN,7.61,5.65,1.35,1.23,18.1%,13.5%,4.7%,.259,1.64,.299,67.2%,157,139,131,6.38,5.46,0.92,5.09,5.01,22925
Josh Rogers,WSN,5.31,3.10,1.71,1.77,14.1%,8.2%,5.9%,.231,1.23,.226,72.2%,120,140,129,4.87,5.50,-0.63,4.99,4.91,18510
Kyle Hendricks,CHC,6.34,3.08,2.06,1.81,16.5%,8.0%,8.5%,.255,1.33,.265,76.4%,121,142,121,4.89,5.51,-0.61,4.67,4.65,12049
Tyler Matzek,ATL,8.44,7.59,1.11,0.84,21.3%,19.1%,2.1%,.167,1.41,.200,57.7%,124,144,157,5.06,5.53,-0.46,6.13,5.37,10058
Phil Maton,HOU,6.00,2.50,2.40,1.50,14.8%,6.2%,8.6%,.268,1.33,.286,80.6%,111,148,132,4.00,5.59,-1.59,5.04,4.31,18064
Glenn Otto,TEX,6.66,4.81,1.38,1.48,16.7%,12.0%,4.6%,.247,1.48,.268,71.0%,152,148,126,5.55,5.60,-0.05,4.83,5.05,21366
J.B. Wendelken,ARI,6.00,4.50,1.33,1.50,14.5%,10.9%,3.6%,.292,1.67,.316,65.9%,165,148,115,6.75,5.67,1.08,4.43,4.40,14506
Jonathan Loaisiga,NYY,8.40,6.00,1.40,1.80,22.6%,16.1%,6.5%,.212,1.40,.229,71.4%,148,151,116,5.40,5.82,-0.42,4.42,4.55,19753
Chris Archer,MIN,8.20,4.78,1.71,2.05,20.7%,12.1%,8.6%,.225,1.41,.236,83.9%,111,153,123,4.10,5.82,-1.72,4.70,4.67,6345
Matt Brash,SEA,8.55,7.65,1.12,1.35,20.0%,17.9%,2.1%,.312,2.05,.382,66.1%,218,158,124,7.65,5.84,1.81,4.72,5.25,25756
Genesis Cabrera,STL,6.88,2.65,2.60,2.12,18.1%,6.9%,11.1%,.215,1.12,.208,97.4%,69,155,111,2.65,5.85,-3.21,4.26,3.70,17490
Art Warren,CIN,9.22,5.93,1.56,1.98,23.0%,14.8%,8.2%,.269,1.68,.314,69.1%,156,145,110,6.59,5.87,0.72,4.23,4.28,18251
Carlos Hernandez,KCR,4.85,6.07,0.80,1.21,10.7%,13.4%,-2.7%,.344,2.16,.370,57.2%,242,158,161,9.10,5.89,3.21,6.10,6.06,22713
Miguel Yajure,PIT,3.48,5.23,0.67,0.87,7.5%,11.3%,-3.8%,.356,2.13,.375,48.7%,286,152,174,11.32,5.90,5.43,6.78,5.87,21111
Marco Gonzales,SEA,5.68,3.79,1.50,1.89,14.1%,9.4%,4.7%,.268,1.50,.273,76.9%,88,160,126,3.08,5.91,-2.83,4.81,4.98,15467
Dylan Coleman,KCR,12.06,8.62,1.40,1.72,29.2%,20.8%,8.3%,.161,1.53,.188,67.3%,107,160,133,4.02,5.96,-1.94,5.07,4.71,22276
Bryan Shaw,CLE,3.86,3.86,1.00,1.54,10.0%,10.0%,0.0%,.250,1.37,.243,70.4%,146,160,140,5.40,6.00,-0.60,5.32,5.02,8110
Tyler Alexander,DET,6.57,3.65,1.80,2.19,15.3%,8.5%,6.8%,.315,1.78,.333,44.9%,237,158,128,8.76,6.01,2.75,4.87,4.88,17735
Emilio Pagan,MIN,11.37,7.11,1.60,2.13,27.1%,16.9%,10.2%,.204,1.58,.233,94.9%,58,158,105,2.13,6.01,-3.88,4.03,4.17,14771
Nathan Eovaldi,BOS,9.07,1.51,6.00,3.02,23.7%,4.0%,19.8%,.260,1.22,.265,89.5%,112,161,86,4.32,6.02,-1.70,3.35,3.27,9132
Ryan Brasier,BOS,10.05,1.88,5.33,3.14,25.4%,4.8%,20.6%,.300,1.47,.333,78.6%,163,161,99,6.28,6.02,0.26,3.81,3.14,5615
Will Smith,ATL,7.88,3.94,2.00,2.25,20.9%,10.4%,10.4%,.153,1.00,.122,43.9%,82,158,123,3.38,6.09,-2.71,4.75,4.05,8048
Ryan Thompson,TBR,7.53,3.14,2.40,2.51,19.7%,8.2%,11.5%,.232,1.26,.225,64.5%,126,168,107,4.40,6.09,-1.69,4.11,3.75,16647
Trevor Richards,TOR,10.06,4.24,2.38,2.65,25.7%,10.8%,14.9%,.242,1.41,.262,82.4%,125,162,103,4.76,6.09,-1.32,3.98,3.51,19309
Spenser Watkins,BAL,4.20,4.50,0.93,1.50,10.2%,10.9%,-0.7%,.277,1.60,.280,70.5%,136,152,152,5.10,6.12,-1.02,5.76,5.75,17489
Mike Mayers,LAA,7.36,3.07,2.40,2.45,19.0%,7.9%,11.1%,.228,1.23,.220,82.1%,133,161,122,4.91,6.23,-1.32,4.67,4.11,15451
Bryce Elder,ATL,5.68,6.63,0.86,1.42,13.8%,16.1%,-2.3%,.250,1.68,.263,79.9%,116,162,144,4.74,6.25,-1.51,5.58,5.91,27779
Jose Suarez,LAA,8.15,6.11,1.33,2.04,18.8%,14.1%,4.7%,.288,1.87,.321,76.6%,165,162,134,6.11,6.26,-0.15,5.12,5.23,19911
Nick Sandlin,CLE,5.40,7.43,0.73,1.35,14.0%,19.3%,-5.3%,.174,1.43,.167,80.2%,91,169,154,3.38,6.31,-2.94,5.82,6.12,20517
Zack Littell,SFG,8.56,1.32,6.50,3.29,22.4%,3.4%,19.0%,.304,1.39,.316,91.7%,136,172,83,5.27,6.38,-1.11,3.15,2.93,15823
T.J. McFarland,STL,4.85,3.46,1.40,2.08,11.9%,8.5%,3.4%,.358,1.85,.372,57.7%,235,169,121,9.00,6.40,2.60,4.68,4.59,3237
Matthew Festa,SEA,15.00,3.75,4.00,3.75,37.7%,9.4%,28.3%,.250,1.42,.304,90.0%,149,174,70,5.25,6.42,-1.17,2.74,2.16,19330
Kolby Allard,TEX,6.30,2.70,2.33,2.70,17.1%,7.3%,9.8%,.237,1.20,.214,76.9%,148,172,103,5.40,6.49,-1.09,3.98,4.08,18694
Elieser Hernandez,MIA,8.02,3.21,2.50,2.67,19.5%,7.8%,11.7%,.259,1.43,.263,64.9%,161,172,129,6.15,6.51,-0.36,4.99,4.43,16933
Carlos Estevez,COL,5.40,3.86,1.40,2.31,13.2%,9.4%,3.8%,.313,1.71,.316,82.3%,119,159,131,5.40,6.52,-1.12,5.08,4.87,14542
Hunter Greene,CIN,11.88,5.40,2.20,2.97,28.6%,13.0%,15.6%,.241,1.56,.269,77.1%,148,163,114,6.21,6.63,-0.42,4.38,3.98,22182
Beau Brieske,DET,5.13,3.76,1.36,2.39,13.2%,9.6%,3.5%,.233,1.33,.210,75.4%,139,176,145,5.13,6.66,-1.53,5.52,5.42,26079
Reiver Sanmartin,CIN,5.51,4.96,1.11,2.20,12.0%,10.8%,1.2%,.378,2.27,.400,38.2%,327,165,126,13.78,6.70,7.07,4.88,5.10,19754
Tyler Gilbert,ARI,7.53,2.51,3.00,3.14,20.3%,6.8%,13.6%,.218,1.12,.184,88.9%,123,176,109,5.02,6.79,-1.76,4.19,4.04,17964
Travis Lakins Sr.,BAL,6.97,5.23,1.33,2.61,16.0%,12.0%,4.0%,.326,1.94,.344,59.5%,256,184,147,9.58,7.35,2.23,5.59,4.89,18600
Vladimir Gutierrez,CIN,6.58,6.58,1.00,2.08,14.8%,14.8%,0.0%,.311,1.96,.333,65.8%,206,185,166,8.65,7.51,1.14,6.49,5.80,19278
Caleb Smith,ARI,10.80,6.00,1.80,3.60,25.4%,14.1%,11.3%,.246,1.67,.243,72.3%,176,204,131,7.20,7.89,-0.69,5.09,4.23,14875
Heath Hembree,PIT,6.75,6.08,1.11,3.38,16.1%,14.5%,1.6%,.283,1.80,.263,70.6%,204,217,146,8.10,8.49,-0.39,5.69,5.36,11632
Kris Bubic,KCR,6.75,7.43,0.91,3.38,14.7%,16.2%,-1.5%,.333,2.25,.333,47.8%,342,243,154,12.83,8.94,3.89,5.83,5.94,21455
Dauri Moreta,CIN,10.54,3.95,2.67,4.61,25.4%,9.5%,15.9%,.273,1.54,.250,60.6%,235,224,130,9.88,9.16,0.72,5.04,3.91,21101
Adam Oller,OAK,6.75,6.75,1.00,3.68,14.5%,14.5%,0.0%,.328,2.18,.319,48.8%,347,256,167,12.27,9.36,2.91,6.31,5.84,20132
